epoch,lr-AdamW/pg1,lr-AdamW/pg2,step,test_loss,test_loss_q25,test_loss_q5,test_loss_q50,test_loss_q75,test_loss_q95,train_loss,val_loss,val_loss_q10,val_loss_q50,val_loss_q90
,0.00011273672514291846,0.00011273672514291846,0,,,,,,,,,,,
0,,,49,,,,,,,1.2916061878204346,,,,
0,,,99,,,,,,,1.2055176496505737,,,,
0,,,149,,,,,,,1.104159951210022,,,,
0,,,199,,,,,,,1.0167720317840576,,,,
0,,,249,,,,,,,0.9585620164871216,,,,
0,,,299,,,,,,,0.9087710380554199,,,,
0,,,349,,,,,,,0.8742562532424927,,,,
0,,,399,,,,,,,0.841935396194458,,,,
0,,,449,,,,,,,0.8150816559791565,,,,
0,,,499,,,,,,,0.7935777902603149,,,,
0,,,549,,,,,,,0.7741937041282654,,,,
0,,,599,,,,,,,0.7546537518501282,,,,
0,,,649,,,,,,,0.740095853805542,,,,
0,,,699,,,,,,,0.7260029911994934,,,,
0,,,749,,,,,,,0.7107980847358704,,,,
0,,,799,,,,,,,0.6956154108047485,,,,
0,,,849,,,,,,,0.6810547709465027,,,,
0,,,899,,,,,,,0.6695876717567444,,,,
0,,,949,,,,,,,0.6584624648094177,,,,
0,,,999,,,,,,,0.6481900811195374,,,,
0,,,1049,,,,,,,0.6046828627586365,,,,
0,,,1099,,,,,,,0.5702261924743652,,,,
0,,,1149,,,,,,,0.5455416440963745,,,,
0,,,1199,,,,,,,0.5269342064857483,,,,
0,,,1249,,,,,,,0.5103274583816528,,,,
0,,,1299,,,,,,,0.49694177508354187,,,,
0,,,1349,,,,,,,0.48226863145828247,,,,
0,,,1399,,,,,,,0.47012898325920105,,,,
0,,,1449,,,,,,,0.45875561237335205,,,,
0,,,1499,,,,,,,0.4468687176704407,,,,
0,,,1549,,,,,,,0.43561410903930664,,,,
0,,,1599,,,,,,,0.42560482025146484,,,,
0,,,1649,,,,,,,0.41451096534729004,,,,
0,,,1699,,,,,,,0.40357285737991333,,,,
0,,,1749,,,,,,,0.39505666494369507,,,,
0,,,1799,,,,,,,0.38753873109817505,,,,
0,,,1849,,,,,,,0.38087645173072815,,,,
0,,,1899,,,,,,,0.3723903298377991,,,,
0,,,1949,,,,,,,0.36547350883483887,,,,
0,,,1999,,,,,,,0.35862529277801514,,,,
0,,,2049,,,,,,,0.35315242409706116,,,,
0,,,2099,,,,,,,0.3466178774833679,,,,
0,,,2149,,,,,,,0.34080320596694946,,,,
0,,,2199,,,,,,,0.3364960849285126,,,,
0,,,2249,,,,,,,0.33128809928894043,,,,
0,,,2299,,,,,,,0.3265955448150635,,,,
0,,,2349,,,,,,,0.32210832834243774,,,,
0,,,2399,,,,,,,0.3167571723461151,,,,
0,,,2440,,,,,,,,0.2892802953720093,0.20311899483203888,0.438175231218338,0.22654667496681213
,0.00011273672514291846,0.00011273672514291846,2441,,,,,,,,,,,
1,,,2449,,,,,,,0.3122907280921936,,,,
1,,,2499,,,,,,,0.30764442682266235,,,,
1,,,2549,,,,,,,0.30328094959259033,,,,
1,,,2599,,,,,,,0.2999890446662903,,,,
1,,,2649,,,,,,,0.2959681451320648,,,,
1,,,2699,,,,,,,0.29316094517707825,,,,
1,,,2749,,,,,,,0.2896919846534729,,,,
1,,,2799,,,,,,,0.286313533782959,,,,
1,,,2849,,,,,,,0.2834761440753937,,,,
1,,,2899,,,,,,,0.2806979715824127,,,,
1,,,2949,,,,,,,0.27748003602027893,,,,
1,,,2999,,,,,,,0.2733360826969147,,,,
1,,,3049,,,,,,,0.2698623836040497,,,,
1,,,3099,,,,,,,0.26698264479637146,,,,
1,,,3149,,,,,,,0.26447203755378723,,,,
1,,,3199,,,,,,,0.26135003566741943,,,,
1,,,3249,,,,,,,0.2588634788990021,,,,
1,,,3299,,,,,,,0.2558336555957794,,,,
1,,,3349,,,,,,,0.25310489535331726,,,,
1,,,3399,,,,,,,0.2514919936656952,,,,
1,,,3449,,,,,,,0.24901117384433746,,,,
1,,,3499,,,,,,,0.2469058781862259,,,,
1,,,3549,,,,,,,0.2453542798757553,,,,
1,,,3599,,,,,,,0.2428850531578064,,,,
1,,,3649,,,,,,,0.24082131683826447,,,,
1,,,3699,,,,,,,0.23871204257011414,,,,
1,,,3749,,,,,,,0.2367457002401352,,,,
1,,,3799,,,,,,,0.2352844476699829,,,,
1,,,3849,,,,,,,0.2330503910779953,,,,
1,,,3899,,,,,,,0.23111359775066376,,,,
1,,,3949,,,,,,,0.22859884798526764,,,,
1,,,3999,,,,,,,0.22777797281742096,,,,
1,,,4049,,,,,,,0.22637224197387695,,,,
1,,,4099,,,,,,,0.22475498914718628,,,,
1,,,4149,,,,,,,0.22296397387981415,,,,
1,,,4199,,,,,,,0.2217898964881897,,,,
1,,,4249,,,,,,,0.22016224265098572,,,,
1,,,4299,,,,,,,0.21933910250663757,,,,
1,,,4349,,,,,,,0.2185463160276413,,,,
1,,,4399,,,,,,,0.21718913316726685,,,,
1,,,4449,,,,,,,0.21601036190986633,,,,
1,,,4499,,,,,,,0.21506333351135254,,,,
1,,,4549,,,,,,,0.2139344960451126,,,,
1,,,4599,,,,,,,0.21318361163139343,,,,
1,,,4649,,,,,,,0.21228203177452087,,,,
1,,,4699,,,,,,,0.21191801130771637,,,,
1,,,4749,,,,,,,0.2111583650112152,,,,
1,,,4799,,,,,,,0.20986445248126984,,,,
1,,,4849,,,,,,,0.2095186859369278,,,,
1,,,4881,,,,,,,,0.19253869354724884,0.12983664870262146,0.29448893666267395,0.15329045057296753
,0.00011273672514291846,0.00011273672514291846,4882,,,,,,,,,,,
2,,,4899,,,,,,,0.2086786925792694,,,,
2,,,4949,,,,,,,0.20795932412147522,,,,
2,,,4999,,,,,,,0.20737652480602264,,,,
2,,,5049,,,,,,,0.20642141997814178,,,,
2,,,5099,,,,,,,0.20573489367961884,,,,
2,,,5149,,,,,,,0.20500527322292328,,,,
2,,,5199,,,,,,,0.20434173941612244,,,,
2,,,5249,,,,,,,0.20368529856204987,,,,
2,,,5299,,,,,,,0.2022978514432907,,,,
2,,,5349,,,,,,,0.20161819458007812,,,,
2,,,5399,,,,,,,0.20064139366149902,,,,
2,,,5449,,,,,,,0.2000310719013214,,,,
2,,,5499,,,,,,,0.19906534254550934,,,,
2,,,5549,,,,,,,0.1978682577610016,,,,
2,,,5599,,,,,,,0.19697323441505432,,,,
2,,,5649,,,,,,,0.19652307033538818,,,,
2,,,5699,,,,,,,0.19461068511009216,,,,
2,,,5749,,,,,,,0.19370552897453308,,,,
2,,,5799,,,,,,,0.19335711002349854,,,,
2,,,5849,,,,,,,0.19212044775485992,,,,
2,,,5899,,,,,,,0.192212775349617,,,,
2,,,5949,,,,,,,0.19196820259094238,,,,
2,,,5999,,,,,,,0.19098542630672455,,,,
2,,,6049,,,,,,,0.19045139849185944,,,,
2,,,6099,,,,,,,0.18966041505336761,,,,
2,,,6149,,,,,,,0.1893383264541626,,,,
2,,,6199,,,,,,,0.18855561316013336,,,,
2,,,6249,,,,,,,0.18769654631614685,,,,
2,,,6299,,,,,,,0.1872563660144806,,,,
2,,,6349,,,,,,,0.18637007474899292,,,,
2,,,6399,,,,,,,0.18614646792411804,,,,
2,,,6449,,,,,,,0.18526798486709595,,,,
2,,,6499,,,,,,,0.18462541699409485,,,,
2,,,6549,,,,,,,0.18379946053028107,,,,
2,,,6599,,,,,,,0.18312187492847443,,,,
2,,,6649,,,,,,,0.1821528524160385,,,,
2,,,6699,,,,,,,0.1823178231716156,,,,
2,,,6749,,,,,,,0.1818675994873047,,,,
2,,,6799,,,,,,,0.18165110051631927,,,,
2,,,6849,,,,,,,0.1813574731349945,,,,
2,,,6899,,,,,,,0.18040423095226288,,,,
2,,,6949,,,,,,,0.1800580620765686,,,,
2,,,6999,,,,,,,0.17969445884227753,,,,
2,,,7049,,,,,,,0.17967559397220612,,,,
2,,,7099,,,,,,,0.17970803380012512,,,,
2,,,7149,,,,,,,0.1791459172964096,,,,
2,,,7199,,,,,,,0.17847202718257904,,,,
2,,,7249,,,,,,,0.17834964394569397,,,,
2,,,7299,,,,,,,0.1776990443468094,,,,
2,,,7322,,,,,,,,0.18400847911834717,0.12132307887077332,0.28140243887901306,0.14929987490177155
,0.00011273672514291846,0.00011273672514291846,7323,,,,,,,,,,,
3,,,7349,,,,,,,0.1773923933506012,,,,
3,,,7399,,,,,,,0.17689119279384613,,,,
3,,,7449,,,,,,,0.17641398310661316,,,,
3,,,7499,,,,,,,0.1763940155506134,,,,
3,,,7549,,,,,,,0.1765274852514267,,,,
3,,,7599,,,,,,,0.17589813470840454,,,,
3,,,7649,,,,,,,0.1753411889076233,,,,
3,,,7699,,,,,,,0.17471745610237122,,,,
3,,,7749,,,,,,,0.17454633116722107,,,,
3,,,7799,,,,,,,0.1739484667778015,,,,
3,,,7849,,,,,,,0.1734599471092224,,,,
3,,,7899,,,,,,,0.17311188578605652,,,,
3,,,7949,,,,,,,0.17258626222610474,,,,
3,,,7999,,,,,,,0.17206327617168427,,,,
3,,,8049,,,,,,,0.17083437740802765,,,,
3,,,8099,,,,,,,0.17030972242355347,,,,
3,,,8149,,,,,,,0.17012974619865417,,,,
3,,,8199,,,,,,,0.16999685764312744,,,,
3,,,8249,,,,,,,0.16962148249149323,,,,
3,,,8299,,,,,,,0.16937102377414703,,,,
3,,,8349,,,,,,,0.16879896819591522,,,,
3,,,8399,,,,,,,0.16855885088443756,,,,
3,,,8449,,,,,,,0.1681710183620453,,,,
3,,,8499,,,,,,,0.16759875416755676,,,,
3,,,8549,,,,,,,0.16689567267894745,,,,
3,,,8599,,,,,,,0.1671701818704605,,,,
3,,,8649,,,,,,,0.1671941727399826,,,,
3,,,8699,,,,,,,0.16702710092067719,,,,
3,,,8749,,,,,,,0.1667231321334839,,,,
3,,,8799,,,,,,,0.1663227528333664,,,,
3,,,8849,,,,,,,0.1664051115512848,,,,
3,,,8899,,,,,,,0.16631361842155457,,,,
3,,,8949,,,,,,,0.16590917110443115,,,,
3,,,8999,,,,,,,0.16565543413162231,,,,
3,,,9049,,,,,,,0.16580870747566223,,,,
3,,,9099,,,,,,,0.16537882387638092,,,,
3,,,9149,,,,,,,0.16497722268104553,,,,
3,,,9199,,,,,,,0.1645703911781311,,,,
3,,,9249,,,,,,,0.16489088535308838,,,,
3,,,9299,,,,,,,0.16463695466518402,,,,
3,,,9349,,,,,,,0.16453157365322113,,,,
3,,,9399,,,,,,,0.16414417326450348,,,,
3,,,9449,,,,,,,0.16443510353565216,,,,
3,,,9499,,,,,,,0.16469185054302216,,,,
3,,,9549,,,,,,,0.16474449634552002,,,,
3,,,9599,,,,,,,0.16423054039478302,,,,
3,,,9649,,,,,,,0.16387486457824707,,,,
3,,,9699,,,,,,,0.163521870970726,,,,
3,,,9749,,,,,,,0.16352635622024536,,,,
3,,,9763,,,,,,,,0.2089964747428894,0.16684290766716003,0.3148084282875061,0.14533811807632446
,0.00011273672514291846,0.00011273672514291846,9764,,,,,,,,,,,
4,,,9799,,,,,,,0.16343340277671814,,,,
4,,,9849,,,,,,,0.16292241215705872,,,,
4,,,9899,,,,,,,0.16233189404010773,,,,
4,,,9949,,,,,,,0.1624452769756317,,,,
4,,,9999,,,,,,,0.16213127970695496,,,,
4,,,10049,,,,,,,0.1619172841310501,,,,
4,,,10099,,,,,,,0.16176609694957733,,,,
4,,,10149,,,,,,,0.16156747937202454,,,,
4,,,10199,,,,,,,0.16146525740623474,,,,
4,,,10249,,,,,,,0.1606457233428955,,,,
4,,,10299,,,,,,,0.16039730608463287,,,,
4,,,10349,,,,,,,0.15991023182868958,,,,
4,,,10399,,,,,,,0.1596526950597763,,,,
4,,,10449,,,,,,,0.1591430902481079,,,,
4,,,10499,,,,,,,0.158585786819458,,,,
4,,,10549,,,,,,,0.15803425014019012,,,,
4,,,10599,,,,,,,0.15741051733493805,,,,
4,,,10649,,,,,,,0.15705989301204681,,,,
4,,,10699,,,,,,,0.15664632618427277,,,,
4,,,10749,,,,,,,0.15615670382976532,,,,
4,,,10799,,,,,,,0.15535415709018707,,,,
4,,,10849,,,,,,,0.15499456226825714,,,,
4,,,10899,,,,,,,0.15489205718040466,,,,
4,,,10949,,,,,,,0.15433764457702637,,,,
4,,,10999,,,,,,,0.15433503687381744,,,,
4,,,11049,,,,,,,0.15382182598114014,,,,
4,,,11099,,,,,,,0.1537536233663559,,,,
4,,,11149,,,,,,,0.15337097644805908,,,,
4,,,11199,,,,,,,0.15324899554252625,,,,
4,,,11249,,,,,,,0.15297354757785797,,,,
4,,,11299,,,,,,,0.15260948240756989,,,,
4,,,11349,,,,,,,0.15256436169147491,,,,
4,,,11399,,,,,,,0.152374729514122,,,,
4,,,11449,,,,,,,0.15180611610412598,,,,
4,,,11499,,,,,,,0.15165458619594574,,,,
4,,,11549,,,,,,,0.15165641903877258,,,,
4,,,11599,,,,,,,0.15177810192108154,,,,
4,,,11649,,,,,,,0.15166109800338745,,,,
4,,,11699,,,,,,,0.15148302912712097,,,,
4,,,11749,,,,,,,0.15092551708221436,,,,
4,,,11799,,,,,,,0.15121741592884064,,,,
4,,,11849,,,,,,,0.15128391981124878,,,,
4,,,11899,,,,,,,0.1510287970304489,,,,
4,,,11949,,,,,,,0.1509774923324585,,,,
4,,,11999,,,,,,,0.1504751443862915,,,,
4,,,12049,,,,,,,0.15025058388710022,,,,
4,,,12099,,,,,,,0.14977529644966125,,,,
4,,,12149,,,,,,,0.14978404343128204,,,,
4,,,12199,,,,,,,0.14955614507198334,,,,
4,,,12204,,,,,,,,0.17277126014232635,0.12757721543312073,0.26679179072380066,0.12394469976425171
,0.00011273672514291846,0.00011273672514291846,12205,,,,,,,,,,,
5,,,12249,,,,,,,0.1495715081691742,,,,
5,,,12299,,,,,,,0.14909543097019196,,,,
5,,,12349,,,,,,,0.14879384636878967,,,,
5,,,12399,,,,,,,0.14853407442569733,,,,
5,,,12449,,,,,,,0.1484145224094391,,,,
5,,,12499,,,,,,,0.14778000116348267,,,,
5,,,12549,,,,,,,0.147335022687912,,,,
5,,,12599,,,,,,,0.14708836376667023,,,,
5,,,12649,,,,,,,0.1469886153936386,,,,
5,,,12699,,,,,,,0.14703942835330963,,,,
5,,,12749,,,,,,,0.14704768359661102,,,,
5,,,12799,,,,,,,0.1471930593252182,,,,
5,,,12849,,,,,,,0.14672598242759705,,,,
5,,,12899,,,,,,,0.14666497707366943,,,,
5,,,12949,,,,,,,0.14655986428260803,,,,
5,,,12999,,,,,,,0.1463736593723297,,,,
5,,,13049,,,,,,,0.14646613597869873,,,,
5,,,13099,,,,,,,0.1462232917547226,,,,
5,,,13149,,,,,,,0.14576905965805054,,,,
5,,,13199,,,,,,,0.14542298018932343,,,,
5,,,13249,,,,,,,0.14496716856956482,,,,
5,,,13299,,,,,,,0.14484575390815735,,,,
5,,,13349,,,,,,,0.14485597610473633,,,,
5,,,13399,,,,,,,0.14463123679161072,,,,
5,,,13449,,,,,,,0.14467722177505493,,,,
5,,,13499,,,,,,,0.14483092725276947,,,,
5,,,13549,,,,,,,0.14477349817752838,,,,
5,,,13599,,,,,,,0.14444808661937714,,,,
5,,,13649,,,,,,,0.1442488729953766,,,,
5,,,13699,,,,,,,0.14401699602603912,,,,
5,,,13749,,,,,,,0.1433979570865631,,,,
5,,,13799,,,,,,,0.14295779168605804,,,,
5,,,13849,,,,,,,0.14305159449577332,,,,
5,,,13899,,,,,,,0.14262914657592773,,,,
5,,,13949,,,,,,,0.14215555787086487,,,,
5,,,13999,,,,,,,0.14232923090457916,,,,
5,,,14049,,,,,,,0.14194360375404358,,,,
5,,,14099,,,,,,,0.14183451235294342,,,,
5,,,14149,,,,,,,0.14195461571216583,,,,
5,,,14199,,,,,,,0.14196991920471191,,,,
5,,,14249,,,,,,,0.14163850247859955,,,,
5,,,14299,,,,,,,0.14193645119667053,,,,
5,,,14349,,,,,,,0.1417773962020874,,,,
5,,,14399,,,,,,,0.14175541698932648,,,,
5,,,14449,,,,,,,0.14147552847862244,,,,
5,,,14499,,,,,,,0.14119964838027954,,,,
5,,,14549,,,,,,,0.14120851457118988,,,,
5,,,14599,,,,,,,0.1414111852645874,,,,
5,,,14645,,,,,,,,0.14472724497318268,0.0980716347694397,0.22772453725337982,0.10838554799556732
,0.00011273672514291846,0.00011273672514291846,14646,,,,,,,,,,,
6,,,14649,,,,,,,0.1412060409784317,,,,
6,,,14699,,,,,,,0.14085716009140015,,,,
6,,,14749,,,,,,,0.14100688695907593,,,,
6,,,14799,,,,,,,0.1405470073223114,,,,
6,,,14849,,,,,,,0.14021696150302887,,,,
6,,,14899,,,,,,,0.1402355432510376,,,,
6,,,14949,,,,,,,0.14027418196201324,,,,
6,,,14999,,,,,,,0.13979901373386383,,,,
6,,,15049,,,,,,,0.13972507417201996,,,,
6,,,15099,,,,,,,0.13962197303771973,,,,
6,,,15149,,,,,,,0.13905230164527893,,,,
6,,,15199,,,,,,,0.1386740654706955,,,,
6,,,15249,,,,,,,0.13860803842544556,,,,
6,,,15299,,,,,,,0.1385762095451355,,,,
6,,,15349,,,,,,,0.13807089626789093,,,,
6,,,15399,,,,,,,0.13764327764511108,,,,
6,,,15449,,,,,,,0.13748538494110107,,,,
6,,,15499,,,,,,,0.1372659057378769,,,,
6,,,15549,,,,,,,0.1370684802532196,,,,
6,,,15599,,,,,,,0.13668301701545715,,,,
6,,,15649,,,,,,,0.13649673759937286,,,,
6,,,15699,,,,,,,0.13621436059474945,,,,
6,,,15749,,,,,,,0.13611352443695068,,,,
6,,,15799,,,,,,,0.1361372023820877,,,,
6,,,15849,,,,,,,0.13633087277412415,,,,
6,,,15899,,,,,,,0.13612045347690582,,,,
6,,,15949,,,,,,,0.1362166404724121,,,,
6,,,15999,,,,,,,0.13588795065879822,,,,
6,,,16049,,,,,,,0.13573876023292542,,,,
6,,,16099,,,,,,,0.13575157523155212,,,,
6,,,16149,,,,,,,0.13591444492340088,,,,
6,,,16199,,,,,,,0.13590554893016815,,,,
6,,,16249,,,,,,,0.13587160408496857,,,,
6,,,16299,,,,,,,0.1354328691959381,,,,
6,,,16349,,,,,,,0.1354169398546219,,,,
6,,,16399,,,,,,,0.13554318249225616,,,,
6,,,16449,,,,,,,0.1352824866771698,,,,
6,,,16499,,,,,,,0.13515236973762512,,,,
6,,,16549,,,,,,,0.13498100638389587,,,,
6,,,16599,,,,,,,0.13474607467651367,,,,
6,,,16649,,,,,,,0.13475850224494934,,,,
6,,,16699,,,,,,,0.13478386402130127,,,,
6,,,16749,,,,,,,0.13503140211105347,,,,
6,,,16799,,,,,,,0.1350262612104416,,,,
6,,,16849,,,,,,,0.13458430767059326,,,,
6,,,16899,,,,,,,0.13448835909366608,,,,
6,,,16949,,,,,,,0.13380931317806244,,,,
6,,,16999,,,,,,,0.13391700387001038,,,,
6,,,17049,,,,,,,0.13386781513690948,,,,
6,,,17086,,,,,,,,0.1563662886619568,0.10799515247344971,0.2386900931596756,0.12241362035274506
,0.00011273672514291846,0.00011273672514291846,17087,,,,,,,,,,,
7,,,17099,,,,,,,0.13345761597156525,,,,
7,,,17149,,,,,,,0.13343195617198944,,,,
7,,,17199,,,,,,,0.1331811547279358,,,,
7,,,17249,,,,,,,0.13316985964775085,,,,
7,,,17299,,,,,,,0.13307249546051025,,,,
7,,,17349,,,,,,,0.13290295004844666,,,,
7,,,17399,,,,,,,0.13281883299350739,,,,
7,,,17449,,,,,,,0.13247016072273254,,,,
7,,,17499,,,,,,,0.1322026550769806,,,,
7,,,17549,,,,,,,0.13203935325145721,,,,
7,,,17599,,,,,,,0.13192060589790344,,,,
7,,,17649,,,,,,,0.13155613839626312,,,,
7,,,17699,,,,,,,0.13145780563354492,,,,
7,,,17749,,,,,,,0.13102175295352936,,,,
7,,,17799,,,,,,,0.1308550238609314,,,,
7,,,17849,,,,,,,0.1309458464384079,,,,
7,,,17899,,,,,,,0.13071173429489136,,,,
7,,,17949,,,,,,,0.13084791600704193,,,,
7,,,17999,,,,,,,0.13070261478424072,,,,
7,,,18049,,,,,,,0.13049136102199554,,,,
7,,,18099,,,,,,,0.1302373856306076,,,,
7,,,18149,,,,,,,0.1301852911710739,,,,
7,,,18199,,,,,,,0.13013789057731628,,,,
7,,,18249,,,,,,,0.12996137142181396,,,,
7,,,18299,,,,,,,0.129801943898201,,,,
7,,,18349,,,,,,,0.12972278892993927,,,,
7,,,18399,,,,,,,0.1293923556804657,,,,
7,,,18449,,,,,,,0.12952165305614471,,,,
7,,,18499,,,,,,,0.12952928245067596,,,,
7,,,18549,,,,,,,0.1294049173593521,,,,
7,,,18599,,,,,,,0.1293431967496872,,,,
7,,,18649,,,,,,,0.12935036420822144,,,,
7,,,18699,,,,,,,0.12942202389240265,,,,
7,,,18749,,,,,,,0.12926892936229706,,,,
7,,,18799,,,,,,,0.12904642522335052,,,,
7,,,18849,,,,,,,0.1287192553281784,,,,
7,,,18899,,,,,,,0.12853942811489105,,,,
7,,,18949,,,,,,,0.12853863835334778,,,,
7,,,18999,,,,,,,0.12841379642486572,,,,
7,,,19049,,,,,,,0.12859642505645752,,,,
7,,,19099,,,,,,,0.12870922684669495,,,,
7,,,19149,,,,,,,0.1282729059457779,,,,
7,,,19199,,,,,,,0.12820063531398773,,,,
7,,,19249,,,,,,,0.1280122697353363,,,,
7,,,19299,,,,,,,0.12783947587013245,,,,
7,,,19349,,,,,,,0.12808743119239807,,,,
7,,,19399,,,,,,,0.12807248532772064,,,,
7,,,19449,,,,,,,0.1279827505350113,,,,
7,,,19499,,,,,,,0.12799353897571564,,,,
7,,,19527,,,,,,,,0.14368580281734467,0.08929937332868576,0.222913458943367,0.11884458363056183
,0.00011273672514291846,0.00011273672514291846,19528,,,,,,,,,,,
8,,,19549,,,,,,,0.12766262888908386,,,,
8,,,19599,,,,,,,0.12761467695236206,,,,
8,,,19649,,,,,,,0.12743011116981506,,,,
8,,,19699,,,,,,,0.12734682857990265,,,,
8,,,19749,,,,,,,0.12734703719615936,,,,
8,,,19799,,,,,,,0.1270422339439392,,,,
8,,,19849,,,,,,,0.12707161903381348,,,,
8,,,19899,,,,,,,0.12706539034843445,,,,
8,,,19949,,,,,,,0.12666332721710205,,,,
8,,,19999,,,,,,,0.12667162716388702,,,,
8,,,20049,,,,,,,0.1262028068304062,,,,
8,,,20099,,,,,,,0.1259569525718689,,,,
8,,,20149,,,,,,,0.12598448991775513,,,,
8,,,20199,,,,,,,0.12578491866588593,,,,
8,,,20249,,,,,,,0.12563304603099823,,,,
8,,,20299,,,,,,,0.1255146861076355,,,,
8,,,20349,,,,,,,0.12514960765838623,,,,
8,,,20399,,,,,,,0.1250445395708084,,,,
8,,,20449,,,,,,,0.12482059746980667,,,,
8,,,20499,,,,,,,0.1245947778224945,,,,
8,,,20549,,,,,,,0.12453748285770416,,,,
8,,,20599,,,,,,,0.12439288198947906,,,,
8,,,20649,,,,,,,0.1243412047624588,,,,
8,,,20699,,,,,,,0.1238955706357956,,,,
8,,,20749,,,,,,,0.1236608624458313,,,,
8,,,20799,,,,,,,0.12374046444892883,,,,
8,,,20849,,,,,,,0.12364035844802856,,,,
8,,,20899,,,,,,,0.1236095130443573,,,,
8,,,20949,,,,,,,0.12363393604755402,,,,
8,,,20999,,,,,,,0.12345893681049347,,,,
8,,,21049,,,,,,,0.12350938469171524,,,,
8,,,21099,,,,,,,0.12354037165641785,,,,
8,,,21149,,,,,,,0.12351594865322113,,,,
8,,,21199,,,,,,,0.12342323362827301,,,,
8,,,21249,,,,,,,0.12351945787668228,,,,
8,,,21299,,,,,,,0.12344790995121002,,,,
8,,,21349,,,,,,,0.12344810366630554,,,,
8,,,21399,,,,,,,0.12349376082420349,,,,
8,,,21449,,,,,,,0.12355245649814606,,,,
8,,,21499,,,,,,,0.12358958274126053,,,,
8,,,21549,,,,,,,0.12386572360992432,,,,
8,,,21599,,,,,,,0.12380636483430862,,,,
8,,,21649,,,,,,,0.12371736019849777,,,,
8,,,21699,,,,,,,0.12380363047122955,,,,
8,,,21749,,,,,,,0.12379442900419235,,,,
8,,,21799,,,,,,,0.1237829402089119,,,,
8,,,21849,,,,,,,0.12354108691215515,,,,
8,,,21899,,,,,,,0.12342102080583572,,,,
8,,,21949,,,,,,,0.12340955436229706,,,,
8,,,21968,,,,,,,,0.14505665004253387,0.10712060332298279,0.22146616876125336,0.10658317804336548
,0.00011273672514291846,0.00011273672514291846,21969,,,,,,,,,,,
9,,,21999,,,,,,,0.12329961359500885,,,,
9,,,22049,,,,,,,0.12316127866506577,,,,
9,,,22099,,,,,,,0.12328209728002548,,,,
9,,,22149,,,,,,,0.12284186482429504,,,,
9,,,22199,,,,,,,0.12290512770414352,,,,
9,,,22249,,,,,,,0.12266991287469864,,,,
9,,,22299,,,,,,,0.12274368852376938,,,,
9,,,22349,,,,,,,0.12250638753175735,,,,
9,,,22399,,,,,,,0.12219875305891037,,,,
9,,,22449,,,,,,,0.12209952622652054,,,,
9,,,22499,,,,,,,0.12200368195772171,,,,
9,,,22549,,,,,,,0.12167481333017349,,,,
9,,,22599,,,,,,,0.12176062911748886,,,,
9,,,22649,,,,,,,0.12179184705018997,,,,
9,,,22699,,,,,,,0.12153562903404236,,,,
9,,,22749,,,,,,,0.12137553840875626,,,,
9,,,22799,,,,,,,0.12137939035892487,,,,
9,,,22849,,,,,,,0.1212344765663147,,,,
9,,,22899,,,,,,,0.12126894295215607,,,,
9,,,22949,,,,,,,0.12120077759027481,,,,
9,,,22999,,,,,,,0.1210019588470459,,,,
9,,,23049,,,,,,,0.12103985995054245,,,,
9,,,23099,,,,,,,0.1207994893193245,,,,
9,,,23149,,,,,,,0.12082327902317047,,,,
9,,,23199,,,,,,,0.12068919837474823,,,,
9,,,23249,,,,,,,0.12058107554912567,,,,
9,,,23299,,,,,,,0.12037035077810287,,,,
9,,,23349,,,,,,,0.12048078328371048,,,,
9,,,23399,,,,,,,0.12055112421512604,,,,
9,,,23449,,,,,,,0.12054535746574402,,,,
9,,,23499,,,,,,,0.12038474529981613,,,,
9,,,23549,,,,,,,0.1204109713435173,,,,
9,,,23599,,,,,,,0.12015694379806519,,,,
9,,,23649,,,,,,,0.12002672255039215,,,,
9,,,23699,,,,,,,0.120075523853302,,,,
9,,,23749,,,,,,,0.12013794481754303,,,,
9,,,23799,,,,,,,0.11984825879335403,,,,
9,,,23849,,,,,,,0.11984443664550781,,,,
9,,,23899,,,,,,,0.11944140493869781,,,,
9,,,23949,,,,,,,0.11916255950927734,,,,
9,,,23999,,,,,,,0.11909015476703644,,,,
9,,,24049,,,,,,,0.11885692179203033,,,,
9,,,24099,,,,,,,0.11864545196294785,,,,
9,,,24149,,,,,,,0.1188073605298996,,,,
9,,,24199,,,,,,,0.1189853698015213,,,,
9,,,24249,,,,,,,0.11891676485538483,,,,
9,,,24299,,,,,,,0.11893139034509659,,,,
9,,,24349,,,,,,,0.11882002651691437,,,,
9,,,24399,,,,,,,0.11870834231376648,,,,
9,,,24409,,,,,,,,0.15190839767456055,0.10996520519256592,0.23362572491168976,0.11213430017232895
,0.00011273672514291846,0.00011273672514291846,24410,,,,,,,,,,,
10,,,24449,,,,,,,0.11876660585403442,,,,
10,,,24499,,,,,,,0.11870472878217697,,,,
10,,,24549,,,,,,,0.11845452338457108,,,,
10,,,24599,,,,,,,0.11816111207008362,,,,
10,,,24649,,,,,,,0.11803174763917923,,,,
10,,,24699,,,,,,,0.11792971938848495,,,,
10,,,24749,,,,,,,0.11766773462295532,,,,
10,,,24799,,,,,,,0.11759211122989655,,,,
10,,,24849,,,,,,,0.1174989640712738,,,,
10,,,24899,,,,,,,0.11745432764291763,,,,
10,,,24949,,,,,,,0.11738783121109009,,,,
10,,,24999,,,,,,,0.11743265390396118,,,,
10,,,25049,,,,,,,0.11747670918703079,,,,
10,,,25099,,,,,,,0.11739491671323776,,,,
10,,,25149,,,,,,,0.11735950410366058,,,,
10,,,25199,,,,,,,0.11699362844228745,,,,
10,,,25249,,,,,,,0.11736001074314117,,,,
10,,,25299,,,,,,,0.11713635921478271,,,,
10,,,25349,,,,,,,0.11682023108005524,,,,
10,,,25399,,,,,,,0.1166703999042511,,,,
10,,,25449,,,,,,,0.11634033918380737,,,,
10,,,25499,,,,,,,0.11619485914707184,,,,
10,,,25549,,,,,,,0.1161414384841919,,,,
10,,,25599,,,,,,,0.11620356142520905,,,,
10,,,25649,,,,,,,0.11617345362901688,,,,
10,,,25699,,,,,,,0.11599033325910568,,,,
10,,,25749,,,,,,,0.11619303375482559,,,,
10,,,25799,,,,,,,0.11597452312707901,,,,
10,,,25849,,,,,,,0.11611850559711456,,,,
10,,,25899,,,,,,,0.11621948331594467,,,,
10,,,25949,,,,,,,0.11625707149505615,,,,
10,,,25999,,,,,,,0.11633100360631943,,,,
10,,,26049,,,,,,,0.11630603671073914,,,,
10,,,26099,,,,,,,0.11634096503257751,,,,
10,,,26149,,,,,,,0.11618328094482422,,,,
10,,,26199,,,,,,,0.11603691428899765,,,,
10,,,26249,,,,,,,0.1157083511352539,,,,
10,,,26299,,,,,,,0.11567109823226929,,,,
10,,,26349,,,,,,,0.11569744348526001,,,,
10,,,26399,,,,,,,0.11568933725357056,,,,
10,,,26449,,,,,,,0.11573778837919235,,,,
10,,,26499,,,,,,,0.11568176746368408,,,,
10,,,26549,,,,,,,0.11580702662467957,,,,
10,,,26599,,,,,,,0.11593275517225266,,,,
10,,,26649,,,,,,,0.11595375090837479,,,,
10,,,26699,,,,,,,0.11606259644031525,,,,
10,,,26749,,,,,,,0.11582741141319275,,,,
10,,,26799,,,,,,,0.11587315797805786,,,,
10,,,26849,,,,,,,0.11558736115694046,,,,
10,,,26850,,,,,,,,0.14019693434238434,0.08912739902734756,0.22209042310714722,0.10937296599149704
,0.00011273672514291846,0.00011273672514291846,26851,,,,,,,,,,,
11,,,26899,,,,,,,0.11544674634933472,,,,
11,,,26949,,,,,,,0.11536145955324173,,,,
11,,,26999,,,,,,,0.11510546505451202,,,,
11,,,27049,,,,,,,0.11488655209541321,,,,
11,,,27099,,,,,,,0.11469583958387375,,,,
11,,,27149,,,,,,,0.11442367732524872,,,,
11,,,27199,,,,,,,0.11446306109428406,,,,
11,,,27249,,,,,,,0.11405058205127716,,,,
11,,,27299,,,,,,,0.1140470802783966,,,,
11,,,27349,,,,,,,0.11394941061735153,,,,
11,,,27399,,,,,,,0.11397144943475723,,,,
11,,,27449,,,,,,,0.11385053396224976,,,,
11,,,27499,,,,,,,0.1138056069612503,,,,
11,,,27549,,,,,,,0.11355333775281906,,,,
11,,,27599,,,,,,,0.11341098695993423,,,,
11,,,27649,,,,,,,0.11339812725782394,,,,
11,,,27699,,,,,,,0.11315666884183884,,,,
11,,,27749,,,,,,,0.1129782423377037,,,,
11,,,27799,,,,,,,0.11305328458547592,,,,
11,,,27849,,,,,,,0.11291272938251495,,,,
11,,,27899,,,,,,,0.11291208863258362,,,,
11,,,27949,,,,,,,0.1131463497877121,,,,
11,,,27999,,,,,,,0.11328252404928207,,,,
11,,,28049,,,,,,,0.11325676739215851,,,,
11,,,28099,,,,,,,0.1132364273071289,,,,
11,,,28149,,,,,,,0.11326956748962402,,,,
11,,,28199,,,,,,,0.11313507705926895,,,,
11,,,28249,,,,,,,0.113309346139431,,,,
11,,,28299,,,,,,,0.11329702287912369,,,,
11,,,28349,,,,,,,0.11331287026405334,,,,
11,,,28399,,,,,,,0.11308865994215012,,,,
11,,,28449,,,,,,,0.11282624304294586,,,,
11,,,28499,,,,,,,0.11305709183216095,,,,
11,,,28549,,,,,,,0.11314781755208969,,,,
11,,,28599,,,,,,,0.11320868879556656,,,,
11,,,28649,,,,,,,0.11319545656442642,,,,
11,,,28699,,,,,,,0.11325403302907944,,,,
11,,,28749,,,,,,,0.11340431869029999,,,,
11,,,28799,,,,,,,0.1131201982498169,,,,
11,,,28849,,,,,,,0.11314411461353302,,,,
11,,,28899,,,,,,,0.1130237802863121,,,,
11,,,28949,,,,,,,0.11282171308994293,,,,
11,,,28999,,,,,,,0.11275969445705414,,,,
11,,,29049,,,,,,,0.11270912736654282,,,,
11,,,29099,,,,,,,0.11288101226091385,,,,
11,,,29149,,,,,,,0.11290030181407928,,,,
11,,,29199,,,,,,,0.11300300061702728,,,,
11,,,29249,,,,,,,0.11303191632032394,,,,
11,,,29291,,,,,,,,0.14249850809574127,0.10525001585483551,0.2152567356824875,0.10698879510164261
,0.00011273672514291846,0.00011273672514291846,29292,,,,,,,,,,,
12,,,29299,,,,,,,0.11311246454715729,,,,
12,,,29349,,,,,,,0.1130896732211113,,,,
12,,,29399,,,,,,,0.11300794035196304,,,,
12,,,29449,,,,,,,0.11336671561002731,,,,
12,,,29499,,,,,,,0.11318836361169815,,,,
12,,,29549,,,,,,,0.11286860704421997,,,,
12,,,29599,,,,,,,0.11250445246696472,,,,
12,,,29649,,,,,,,0.11221455782651901,,,,
12,,,29699,,,,,,,0.11188425868749619,,,,
12,,,29749,,,,,,,0.11152509599924088,,,,
12,,,29799,,,,,,,0.11156754940748215,,,,
12,,,29849,,,,,,,0.11163930594921112,,,,
12,,,29899,,,,,,,0.11187086254358292,,,,
12,,,29949,,,,,,,0.11191891133785248,,,,
12,,,29999,,,,,,,0.1116255521774292,,,,
12,,,30049,,,,,,,0.11154291033744812,,,,
12,,,30099,,,,,,,0.1113588735461235,,,,
12,,,30149,,,,,,,0.11120317131280899,,,,
12,,,30199,,,,,,,0.11105432361364365,,,,
12,,,30249,,,,,,,0.11099601536989212,,,,
12,,,30299,,,,,,,0.11073312163352966,,,,
12,,,30349,,,,,,,0.1106681376695633,,,,
12,,,30399,,,,,,,0.110638827085495,,,,
12,,,30449,,,,,,,0.11032858490943909,,,,
12,,,30499,,,,,,,0.11019224673509598,,,,
12,,,30549,,,,,,,0.11025485396385193,,,,
12,,,30599,,,,,,,0.11039125174283981,,,,
12,,,30649,,,,,,,0.11037170141935349,,,,
12,,,30699,,,,,,,0.11057237535715103,,,,
12,,,30749,,,,,,,0.11060284078121185,,,,
12,,,30799,,,,,,,0.1106334701180458,,,,
12,,,30849,,,,,,,0.11033275723457336,,,,
12,,,30899,,,,,,,0.11011161655187607,,,,
12,,,30949,,,,,,,0.10981748253107071,,,,
12,,,30999,,,,,,,0.10986273735761642,,,,
12,,,31049,,,,,,,0.10995148867368698,,,,
12,,,31099,,,,,,,0.10990846902132034,,,,
12,,,31149,,,,,,,0.10989465564489365,,,,
12,,,31199,,,,,,,0.10982415080070496,,,,
12,,,31249,,,,,,,0.1096818596124649,,,,
12,,,31299,,,,,,,0.10973065346479416,,,,
12,,,31349,,,,,,,0.10967664420604706,,,,
12,,,31399,,,,,,,0.10977213084697723,,,,
12,,,31449,,,,,,,0.10982227325439453,,,,
12,,,31499,,,,,,,0.10960716009140015,,,,
12,,,31549,,,,,,,0.10958646237850189,,,,
12,,,31599,,,,,,,0.1094471886754036,,,,
12,,,31649,,,,,,,0.10931497812271118,,,,
12,,,31699,,,,,,,0.10922104865312576,,,,
12,,,31732,,,,,,,,0.14182518422603607,0.10194822400808334,0.2087896317243576,0.11473768949508667
,0.00011273672514291846,0.00011273672514291846,31733,,,,,,,,,,,
13,,,31749,,,,,,,0.10944177955389023,,,,
13,,,31799,,,,,,,0.10932885855436325,,,,
13,,,31849,,,,,,,0.10926277190446854,,,,
13,,,31899,,,,,,,0.10931402444839478,,,,
13,,,31949,,,,,,,0.10918385535478592,,,,
13,,,31999,,,,,,,0.10902056097984314,,,,
13,,,32049,,,,,,,0.10877875238656998,,,,
13,,,32099,,,,,,,0.10852058976888657,,,,
13,,,32149,,,,,,,0.10827640444040298,,,,
13,,,32199,,,,,,,0.10834543406963348,,,,
13,,,32249,,,,,,,0.1082247868180275,,,,
13,,,32299,,,,,,,0.10814644396305084,,,,
13,,,32349,,,,,,,0.10795324295759201,,,,
13,,,32399,,,,,,,0.10773830115795135,,,,
13,,,32449,,,,,,,0.10766609758138657,,,,
13,,,32499,,,,,,,0.10761337727308273,,,,
13,,,32549,,,,,,,0.10759874433279037,,,,
13,,,32599,,,,,,,0.1074889600276947,,,,
13,,,32649,,,,,,,0.10748524963855743,,,,
13,,,32699,,,,,,,0.10749300569295883,,,,
13,,,32749,,,,,,,0.10715677589178085,,,,
13,,,32799,,,,,,,0.1069720983505249,,,,
13,,,32849,,,,,,,0.10716012120246887,,,,
13,,,32899,,,,,,,0.10699720680713654,,,,
13,,,32949,,,,,,,0.1069595143198967,,,,
13,,,32999,,,,,,,0.10697294771671295,,,,
13,,,33049,,,,,,,0.10715892165899277,,,,
13,,,33099,,,,,,,0.10725139081478119,,,,
13,,,33149,,,,,,,0.10742276161909103,,,,
13,,,33199,,,,,,,0.10729581862688065,,,,
13,,,33249,,,,,,,0.10715120285749435,,,,
13,,,33299,,,,,,,0.10719233751296997,,,,
13,,,33349,,,,,,,0.10707559436559677,,,,
13,,,33399,,,,,,,0.1070394292473793,,,,
13,,,33449,,,,,,,0.1069301888346672,,,,
13,,,33499,,,,,,,0.1069798618555069,,,,
13,,,33549,,,,,,,0.10718345642089844,,,,
13,,,33599,,,,,,,0.10726513713598251,,,,
13,,,33649,,,,,,,0.1073310375213623,,,,
13,,,33699,,,,,,,0.10747578740119934,,,,
13,,,33749,,,,,,,0.10754327476024628,,,,
13,,,33799,,,,,,,0.1077018529176712,,,,
13,,,33849,,,,,,,0.10754991322755814,,,,
13,,,33899,,,,,,,0.1074531078338623,,,,
13,,,33949,,,,,,,0.10752186179161072,,,,
13,,,33999,,,,,,,0.10748647153377533,,,,
13,,,34049,,,,,,,0.10724154114723206,,,,
13,,,34099,,,,,,,0.10711663216352463,,,,
13,,,34149,,,,,,,0.10702177882194519,,,,
13,,,34173,,,,,,,,0.13007985055446625,0.07692505419254303,0.19610771536827087,0.11720677465200424
,0.00011273672514291846,0.00011273672514291846,34174,,,,,,,,,,,
14,,,34199,,,,,,,0.10697655379772186,,,,
14,,,34249,,,,,,,0.10693521797657013,,,,
14,,,34299,,,,,,,0.10672999173402786,,,,
14,,,34349,,,,,,,0.10684510320425034,,,,
14,,,34399,,,,,,,0.10682211816310883,,,,
14,,,34449,,,,,,,0.10683080554008484,,,,
14,,,34499,,,,,,,0.10668488591909409,,,,
14,,,34549,,,,,,,0.10634015500545502,,,,
14,,,34599,,,,,,,0.10646606981754303,,,,
14,,,34649,,,,,,,0.10630663484334946,,,,
14,,,34699,,,,,,,0.1061556339263916,,,,
14,,,34749,,,,,,,0.1060265451669693,,,,
14,,,34799,,,,,,,0.10572563111782074,,,,
14,,,34849,,,,,,,0.10560320317745209,,,,
14,,,34899,,,,,,,0.10544531792402267,,,,
14,,,34949,,,,,,,0.1054791659116745,,,,
14,,,34999,,,,,,,0.10536881536245346,,,,
14,,,35049,,,,,,,0.10534873604774475,,,,
14,,,35099,,,,,,,0.10525371879339218,,,,
14,,,35149,,,,,,,0.10526429116725922,,,,
14,,,35199,,,,,,,0.10520832240581512,,,,
14,,,35249,,,,,,,0.10535071045160294,,,,
14,,,35299,,,,,,,0.10543890297412872,,,,
14,,,35349,,,,,,,0.10520154982805252,,,,
14,,,35399,,,,,,,0.10504136979579926,,,,
14,,,35449,,,,,,,0.10483139008283615,,,,
14,,,35499,,,,,,,0.10489007830619812,,,,
14,,,35549,,,,,,,0.10469546914100647,,,,
14,,,35599,,,,,,,0.10455435514450073,,,,
14,,,35649,,,,,,,0.1046997532248497,,,,
14,,,35699,,,,,,,0.1044580340385437,,,,
14,,,35749,,,,,,,0.10468892008066177,,,,
14,,,35799,,,,,,,0.10480991005897522,,,,
14,,,35849,,,,,,,0.10481397062540054,,,,
14,,,35899,,,,,,,0.10487750917673111,,,,
14,,,35949,,,,,,,0.1047278344631195,,,,
14,,,35999,,,,,,,0.10477390140295029,,,,
14,,,36049,,,,,,,0.104789137840271,,,,
14,,,36099,,,,,,,0.10489344596862793,,,,
14,,,36149,,,,,,,0.10483971983194351,,,,
14,,,36199,,,,,,,0.10495669394731522,,,,
14,,,36249,,,,,,,0.10475556552410126,,,,
14,,,36299,,,,,,,0.10456456989049911,,,,
14,,,36349,,,,,,,0.10479079186916351,,,,
14,,,36399,,,,,,,0.10487151890993118,,,,
14,,,36449,,,,,,,0.10497082769870758,,,,
14,,,36499,,,,,,,0.10506735742092133,,,,
14,,,36549,,,,,,,0.1050514355301857,,,,
14,,,36599,,,,,,,0.10498019307851791,,,,
14,,,36614,,,,,,,,0.11650639027357101,0.07748536765575409,0.18064135313034058,0.09139243513345718
,0.00011273672514291846,0.00011273672514291846,36615,,,,,,,,,,,
15,,,36649,,,,,,,0.10471303015947342,,,,
15,,,36699,,,,,,,0.10467445850372314,,,,
15,,,36749,,,,,,,0.10432484745979309,,,,
15,,,36799,,,,,,,0.10418292880058289,,,,
15,,,36849,,,,,,,0.10425056517124176,,,,
15,,,36899,,,,,,,0.1042390763759613,,,,
15,,,36949,,,,,,,0.10387576371431351,,,,
15,,,36999,,,,,,,0.10338765382766724,,,,
15,,,37049,,,,,,,0.10320035368204117,,,,
15,,,37099,,,,,,,0.10310789942741394,,,,
15,,,37149,,,,,,,0.10293643921613693,,,,
15,,,37199,,,,,,,0.10267040133476257,,,,
15,,,37249,,,,,,,0.10253133624792099,,,,
15,,,37299,,,,,,,0.10246280580759048,,,,
15,,,37349,,,,,,,0.10217615216970444,,,,
15,,,37399,,,,,,,0.10220388323068619,,,,
15,,,37449,,,,,,,0.1022324413061142,,,,
15,,,37499,,,,,,,0.10201665759086609,,,,
15,,,37549,,,,,,,0.1019231304526329,,,,
15,,,37599,,,,,,,0.10184911638498306,,,,
15,,,37649,,,,,,,0.10178588330745697,,,,
15,,,37699,,,,,,,0.1018725335597992,,,,
15,,,37749,,,,,,,0.10173916071653366,,,,
15,,,37799,,,,,,,0.10179827362298965,,,,
15,,,37849,,,,,,,0.10167224705219269,,,,
15,,,37899,,,,,,,0.10148394852876663,,,,
15,,,37949,,,,,,,0.10159021615982056,,,,
15,,,37999,,,,,,,0.10197728872299194,,,,
15,,,38049,,,,,,,0.10223717242479324,,,,
15,,,38099,,,,,,,0.10226219892501831,,,,
15,,,38149,,,,,,,0.10251662135124207,,,,
15,,,38199,,,,,,,0.10263983905315399,,,,
15,,,38249,,,,,,,0.10285669565200806,,,,
15,,,38299,,,,,,,0.1028238832950592,,,,
15,,,38349,,,,,,,0.10303904861211777,,,,
15,,,38399,,,,,,,0.10297313332557678,,,,
15,,,38449,,,,,,,0.10281667858362198,,,,
15,,,38499,,,,,,,0.1028316393494606,,,,
15,,,38549,,,,,,,0.10297255218029022,,,,
15,,,38599,,,,,,,0.10281776636838913,,,,
15,,,38649,,,,,,,0.10289005190134048,,,,
15,,,38699,,,,,,,0.10272558778524399,,,,
15,,,38749,,,,,,,0.10279285162687302,,,,
15,,,38799,,,,,,,0.10280018299818039,,,,
15,,,38849,,,,,,,0.10275060683488846,,,,
15,,,38899,,,,,,,0.1029154434800148,,,,
15,,,38949,,,,,,,0.10306256264448166,,,,
15,,,38999,,,,,,,0.10310383886098862,,,,
15,,,39049,,,,,,,0.10277189314365387,,,,
15,,,39055,,,,,,,,0.12320831418037415,0.09261375665664673,0.19110621511936188,0.08590500056743622
,0.00011273672514291846,0.00011273672514291846,39056,,,,,,,,,,,
16,,,39099,,,,,,,0.1027086153626442,,,,
16,,,39149,,,,,,,0.10236229747533798,,,,
16,,,39199,,,,,,,0.10227218270301819,,,,
16,,,39249,,,,,,,0.10220589488744736,,,,
16,,,39299,,,,,,,0.10195859521627426,,,,
16,,,39349,,,,,,,0.10169840604066849,,,,
16,,,39399,,,,,,,0.10156600922346115,,,,
16,,,39449,,,,,,,0.1013927236199379,,,,
16,,,39499,,,,,,,0.1012820154428482,,,,
16,,,39549,,,,,,,0.10121837258338928,,,,
16,,,39599,,,,,,,0.10117948800325394,,,,
16,,,39649,,,,,,,0.10103865712881088,,,,
16,,,39699,,,,,,,0.10111068934202194,,,,
16,,,39749,,,,,,,0.10107617825269699,,,,
16,,,39799,,,,,,,0.10099764168262482,,,,
16,,,39849,,,,,,,0.1009555235505104,,,,
16,,,39899,,,,,,,0.10080687701702118,,,,
16,,,39949,,,,,,,0.10067011415958405,,,,
16,,,39999,,,,,,,0.10051624476909637,,,,
16,,,40049,,,,,,,0.10066390037536621,,,,
16,,,40099,,,,,,,0.10063000023365021,,,,
16,,,40149,,,,,,,0.10083158314228058,,,,
16,,,40199,,,,,,,0.10074638575315475,,,,
16,,,40249,,,,,,,0.10067114979028702,,,,
16,,,40299,,,,,,,0.10085012763738632,,,,
16,,,40349,,,,,,,0.10060413181781769,,,,
16,,,40399,,,,,,,0.10085905343294144,,,,
16,,,40449,,,,,,,0.10092788934707642,,,,
16,,,40499,,,,,,,0.10083407908678055,,,,
16,,,40549,,,,,,,0.10071630030870438,,,,
16,,,40599,,,,,,,0.10077130049467087,,,,
16,,,40649,,,,,,,0.10080672800540924,,,,
16,,,40699,,,,,,,0.1006021648645401,,,,
16,,,40749,,,,,,,0.10058318078517914,,,,
16,,,40799,,,,,,,0.10057806968688965,,,,
16,,,40849,,,,,,,0.10052050650119781,,,,
16,,,40899,,,,,,,0.10049882531166077,,,,
16,,,40949,,,,,,,0.10028369724750519,,,,
16,,,40999,,,,,,,0.10040134191513062,,,,
16,,,41049,,,,,,,0.10018215328454971,,,,
16,,,41099,,,,,,,0.10030955076217651,,,,
16,,,41149,,,,,,,0.1005476862192154,,,,
16,,,41199,,,,,,,0.10052929818630219,,,,
16,,,41249,,,,,,,0.10040120780467987,,,,
16,,,41299,,,,,,,0.10047007352113724,,,,
16,,,41349,,,,,,,0.10090374201536179,,,,
16,,,41399,,,,,,,0.1006786972284317,,,,
16,,,41449,,,,,,,0.10086982697248459,,,,
16,,,41496,,,,,,,,0.13350023329257965,0.08879959583282471,0.20352301001548767,0.10817807167768478
,0.00011273672514291846,0.00011273672514291846,41497,,,,,,,,,,,
17,,,41499,,,,,,,0.10091812163591385,,,,
17,,,41549,,,,,,,0.10109719634056091,,,,
17,,,41599,,,,,,,0.1010354682803154,,,,
17,,,41649,,,,,,,0.10096581280231476,,,,
17,,,41699,,,,,,,0.10104423016309738,,,,
17,,,41749,,,,,,,0.10113310068845749,,,,
17,,,41799,,,,,,,0.10105114430189133,,,,
17,,,41849,,,,,,,0.10093410313129425,,,,
17,,,41899,,,,,,,0.10089405626058578,,,,
17,,,41949,,,,,,,0.10103260725736618,,,,
17,,,41999,,,,,,,0.1009124368429184,,,,
17,,,42049,,,,,,,0.10110659152269363,,,,
17,,,42099,,,,,,,0.1007789596915245,,,,
17,,,42149,,,,,,,0.10030500590801239,,,,
17,,,42199,,,,,,,0.10015543550252914,,,,
17,,,42249,,,,,,,0.10020988434553146,,,,
17,,,42299,,,,,,,0.10002472996711731,,,,
17,,,42349,,,,,,,0.09992761164903641,,,,
17,,,42399,,,,,,,0.09977570921182632,,,,
17,,,42449,,,,,,,0.0994810238480568,,,,
17,,,42499,,,,,,,0.09985171258449554,,,,
17,,,42549,,,,,,,0.09979300945997238,,,,
17,,,42599,,,,,,,0.0998576357960701,,,,
17,,,42649,,,,,,,0.09987559914588928,,,,
17,,,42699,,,,,,,0.09971712529659271,,,,
17,,,42749,,,,,,,0.0996696949005127,,,,
17,,,42799,,,,,,,0.09975966066122055,,,,
17,,,42849,,,,,,,0.09995663911104202,,,,
17,,,42899,,,,,,,0.09995123744010925,,,,
17,,,42949,,,,,,,0.09997324645519257,,,,
17,,,42999,,,,,,,0.09986656159162521,,,,
17,,,43049,,,,,,,0.09962724149227142,,,,
17,,,43099,,,,,,,0.09991651773452759,,,,
17,,,43149,,,,,,,0.09991303831338882,,,,
17,,,43199,,,,,,,0.09996054321527481,,,,
17,,,43249,,,,,,,0.09982433915138245,,,,
17,,,43299,,,,,,,0.0999782383441925,,,,
17,,,43349,,,,,,,0.09973118454217911,,,,
17,,,43399,,,,,,,0.09980654716491699,,,,
17,,,43449,,,,,,,0.09987245500087738,,,,
17,,,43499,,,,,,,0.0993003323674202,,,,
17,,,43549,,,,,,,0.09924519807100296,,,,
17,,,43599,,,,,,,0.0990842655301094,,,,
17,,,43649,,,,,,,0.09925000369548798,,,,
17,,,43699,,,,,,,0.09948264807462692,,,,
17,,,43749,,,,,,,0.09941890090703964,,,,
17,,,43799,,,,,,,0.0992797315120697,,,,
17,,,43849,,,,,,,0.09922368079423904,,,,
17,,,43899,,,,,,,0.09914420545101166,,,,
17,,,43937,,,,,,,,0.1388363391160965,0.10914424806833267,0.210444837808609,0.0969199538230896
,0.00011273672514291846,0.00011273672514291846,43938,,,,,,,,,,,
18,,,43949,,,,,,,0.09918557107448578,,,,
18,,,43999,,,,,,,0.09892472624778748,,,,
18,,,44049,,,,,,,0.09890249371528625,,,,
18,,,44099,,,,,,,0.09850724786520004,,,,
18,,,44149,,,,,,,0.09850700944662094,,,,
18,,,44199,,,,,,,0.09840565919876099,,,,
18,,,44249,,,,,,,0.09844067692756653,,,,
18,,,44299,,,,,,,0.09833618253469467,,,,
18,,,44349,,,,,,,0.0985485315322876,,,,
18,,,44399,,,,,,,0.09859806299209595,,,,
18,,,44449,,,,,,,0.09871452301740646,,,,
18,,,44499,,,,,,,0.0986882895231247,,,,
18,,,44549,,,,,,,0.09842818975448608,,,,
18,,,44599,,,,,,,0.09839892387390137,,,,
18,,,44649,,,,,,,0.09815588593482971,,,,
18,,,44699,,,,,,,0.09791897237300873,,,,
18,,,44749,,,,,,,0.09784360975027084,,,,
18,,,44799,,,,,,,0.09775541722774506,,,,
18,,,44849,,,,,,,0.09768714755773544,,,,
18,,,44899,,,,,,,0.09767238795757294,,,,
18,,,44949,,,,,,,0.09746620804071426,,,,
18,,,44999,,,,,,,0.09797025471925735,,,,
18,,,45049,,,,,,,0.09804879873991013,,,,
18,,,45099,,,,,,,0.09807100147008896,,,,
18,,,45149,,,,,,,0.09793148934841156,,,,
18,,,45199,,,,,,,0.09797129780054092,,,,
18,,,45249,,,,,,,0.09804195910692215,,,,
18,,,45299,,,,,,,0.09791653603315353,,,,
18,,,45349,,,,,,,0.09778254479169846,,,,
18,,,45399,,,,,,,0.09766416251659393,,,,
18,,,45449,,,,,,,0.09750708937644958,,,,
18,,,45499,,,,,,,0.0976804867386818,,,,
18,,,45549,,,,,,,0.09793227910995483,,,,
18,,,45599,,,,,,,0.09781519323587418,,,,
18,,,45649,,,,,,,0.09783954918384552,,,,
18,,,45699,,,,,,,0.09779898077249527,,,,
18,,,45749,,,,,,,0.09777853637933731,,,,
18,,,45799,,,,,,,0.0978616252541542,,,,
18,,,45849,,,,,,,0.09787975251674652,,,,
18,,,45899,,,,,,,0.09793341159820557,,,,
18,,,45949,,,,,,,0.0981522649526596,,,,
18,,,45999,,,,,,,0.09790471941232681,,,,
18,,,46049,,,,,,,0.09788982570171356,,,,
18,,,46099,,,,,,,0.0979333445429802,,,,
18,,,46149,,,,,,,0.09798503667116165,,,,
18,,,46199,,,,,,,0.09791271388530731,,,,
18,,,46249,,,,,,,0.09791205078363419,,,,
18,,,46299,,,,,,,0.09798433631658554,,,,
18,,,46349,,,,,,,0.09802144020795822,,,,
18,,,46378,,,,,,,,0.11701352149248123,0.0795663520693779,0.1809464991092682,0.09052768349647522
,0.00011273672514291846,0.00011273672514291846,46379,,,,,,,,,,,
19,,,46399,,,,,,,0.09822391718626022,,,,
19,,,46449,,,,,,,0.09816969931125641,,,,
19,,,46499,,,,,,,0.09809767454862595,,,,
19,,,46549,,,,,,,0.09801433980464935,,,,
19,,,46599,,,,,,,0.09831910580396652,,,,
19,,,46649,,,,,,,0.09816807508468628,,,,
19,,,46699,,,,,,,0.09822866320610046,,,,
19,,,46749,,,,,,,0.09827591478824615,,,,
19,,,46799,,,,,,,0.09805899113416672,,,,
19,,,46849,,,,,,,0.09784980118274689,,,,
19,,,46899,,,,,,,0.09786950051784515,,,,
19,,,46949,,,,,,,0.09774182736873627,,,,
19,,,46999,,,,,,,0.09750770777463913,,,,
19,,,47049,,,,,,,0.09736531227827072,,,,
19,,,47099,,,,,,,0.09733656793832779,,,,
19,,,47149,,,,,,,0.09732256829738617,,,,
19,,,47199,,,,,,,0.09742848575115204,,,,
19,,,47249,,,,,,,0.09736669808626175,,,,
19,,,47299,,,,,,,0.09712379425764084,,,,
19,,,47349,,,,,,,0.09680863469839096,,,,
19,,,47399,,,,,,,0.09656208753585815,,,,
19,,,47449,,,,,,,0.09645062685012817,,,,
19,,,47499,,,,,,,0.09648902714252472,,,,
19,,,47549,,,,,,,0.09642259031534195,,,,
19,,,47599,,,,,,,0.0961635559797287,,,,
19,,,47649,,,,,,,0.09615319222211838,,,,
19,,,47699,,,,,,,0.0961703509092331,,,,
19,,,47749,,,,,,,0.09600169956684113,,,,
19,,,47799,,,,,,,0.09618432819843292,,,,
19,,,47849,,,,,,,0.09635913372039795,,,,
19,,,47899,,,,,,,0.09624487161636353,,,,
19,,,47949,,,,,,,0.096199169754982,,,,
19,,,47999,,,,,,,0.09635558724403381,,,,
19,,,48049,,,,,,,0.09641271084547043,,,,
19,,,48099,,,,,,,0.09642066061496735,,,,
19,,,48149,,,,,,,0.09644294530153275,,,,
19,,,48199,,,,,,,0.09633976221084595,,,,
19,,,48249,,,,,,,0.0961434468626976,,,,
19,,,48299,,,,,,,0.0964030772447586,,,,
19,,,48349,,,,,,,0.09648018330335617,,,,
19,,,48399,,,,,,,0.0964379832148552,,,,
19,,,48449,,,,,,,0.09638763219118118,,,,
19,,,48499,,,,,,,0.09629811346530914,,,,
19,,,48549,,,,,,,0.09631726890802383,,,,
19,,,48599,,,,,,,0.09640003740787506,,,,
19,,,48649,,,,,,,0.0964294970035553,,,,
19,,,48699,,,,,,,0.09641660749912262,,,,
19,,,48749,,,,,,,0.09648331999778748,,,,
19,,,48799,,,,,,,0.09640062600374222,,,,
19,,,48819,,,,,,,,0.1205466017127037,0.07216110080480576,0.183813214302063,0.10566545277833939
,0.00011273672514291846,0.00011273672514291846,48820,,,,,,,,,,,
20,,,48849,,,,,,,0.09625382721424103,,,,
20,,,48899,,,,,,,0.09623957425355911,,,,
20,,,48949,,,,,,,0.09594650566577911,,,,
20,,,48999,,,,,,,0.09586412459611893,,,,
20,,,49049,,,,,,,0.09572473913431168,,,,
20,,,49099,,,,,,,0.09561750292778015,,,,
20,,,49149,,,,,,,0.0955667793750763,,,,
20,,,49199,,,,,,,0.09548962861299515,,,,
20,,,49249,,,,,,,0.09571370482444763,,,,
20,,,49299,,,,,,,0.09556244313716888,,,,
20,,,49349,,,,,,,0.09558139741420746,,,,
20,,,49399,,,,,,,0.09548456221818924,,,,
20,,,49449,,,,,,,0.09546314179897308,,,,
20,,,49499,,,,,,,0.09536049515008926,,,,
20,,,49549,,,,,,,0.09517122805118561,,,,
20,,,49599,,,,,,,0.09498955309391022,,,,
20,,,49649,,,,,,,0.09502016752958298,,,,
20,,,49699,,,,,,,0.09478159248828888,,,,
20,,,49749,,,,,,,0.09455075860023499,,,,
20,,,49799,,,,,,,0.09432829916477203,,,,
20,,,49849,,,,,,,0.09433645009994507,,,,
20,,,49899,,,,,,,0.09428978711366653,,,,
20,,,49949,,,,,,,0.09443008899688721,,,,
20,,,49999,,,,,,,0.09432428330183029,,,,
20,,,50049,,,,,,,0.09445850551128387,,,,
20,,,50099,,,,,,,0.09455829858779907,,,,
20,,,50149,,,,,,,0.09438329935073853,,,,
20,,,50199,,,,,,,0.09432590752840042,,,,
20,,,50249,,,,,,,0.09415638446807861,,,,
20,,,50299,,,,,,,0.09424290806055069,,,,
20,,,50349,,,,,,,0.0944863110780716,,,,
20,,,50399,,,,,,,0.09455770999193192,,,,
20,,,50449,,,,,,,0.09447979182004929,,,,
20,,,50499,,,,,,,0.09464101493358612,,,,
20,,,50549,,,,,,,0.09461325407028198,,,,
20,,,50599,,,,,,,0.0945398360490799,,,,
20,,,50649,,,,,,,0.09443753957748413,,,,
20,,,50699,,,,,,,0.09443043172359467,,,,
20,,,50749,,,,,,,0.09470114856958389,,,,
20,,,50799,,,,,,,0.09501782804727554,,,,
20,,,50849,,,,,,,0.09508820623159409,,,,
20,,,50899,,,,,,,0.09505095332860947,,,,
20,,,50949,,,,,,,0.09534037858247757,,,,
20,,,50999,,,,,,,0.0955393984913826,,,,
20,,,51049,,,,,,,0.09544398635625839,,,,
20,,,51099,,,,,,,0.09536811709403992,,,,
20,,,51149,,,,,,,0.0955599993467331,,,,
20,,,51199,,,,,,,0.09574367105960846,,,,
20,,,51249,,,,,,,0.09570805728435516,,,,
20,,,51260,,,,,,,,0.10772664844989777,0.07369907945394516,0.16638261079788208,0.08309824764728546
,0.00011273672514291846,0.00011273672514291846,51261,,,,,,,,,,,
21,,,51299,,,,,,,0.0956348106265068,,,,
21,,,51349,,,,,,,0.09537097066640854,,,,
21,,,51399,,,,,,,0.09534630179405212,,,,
21,,,51449,,,,,,,0.09561962634325027,,,,
21,,,51499,,,,,,,0.09540945291519165,,,,
21,,,51549,,,,,,,0.09524504095315933,,,,
21,,,51599,,,,,,,0.09513400495052338,,,,
21,,,51649,,,,,,,0.09523797780275345,,,,
21,,,51699,,,,,,,0.09548931568861008,,,,
21,,,51749,,,,,,,0.09515306353569031,,,,
21,,,51799,,,,,,,0.09472517669200897,,,,
21,,,51849,,,,,,,0.09442121535539627,,,,
21,,,51899,,,,,,,0.09442988783121109,,,,
21,,,51949,,,,,,,0.09404561668634415,,,,
21,,,51999,,,,,,,0.09400182217359543,,,,
21,,,52049,,,,,,,0.09379853308200836,,,,
21,,,52099,,,,,,,0.09379854798316956,,,,
21,,,52149,,,,,,,0.0938328355550766,,,,
21,,,52199,,,,,,,0.0937032699584961,,,,
21,,,52249,,,,,,,0.09380051493644714,,,,
21,,,52299,,,,,,,0.09369830787181854,,,,
21,,,52349,,,,,,,0.09367413818836212,,,,
21,,,52399,,,,,,,0.09349264949560165,,,,
21,,,52449,,,,,,,0.09346093237400055,,,,
21,,,52499,,,,,,,0.09347718209028244,,,,
21,,,52549,,,,,,,0.09365404397249222,,,,
21,,,52599,,,,,,,0.093816839158535,,,,
21,,,52649,,,,,,,0.0937952920794487,,,,
21,,,52699,,,,,,,0.09375171363353729,,,,
21,,,52749,,,,,,,0.09392563998699188,,,,
21,,,52799,,,,,,,0.09428244829177856,,,,
21,,,52849,,,,,,,0.0944569930434227,,,,
21,,,52899,,,,,,,0.09434466063976288,,,,
21,,,52949,,,,,,,0.09430253505706787,,,,
21,,,52999,,,,,,,0.09418733417987823,,,,
21,,,53049,,,,,,,0.09415903687477112,,,,
21,,,53099,,,,,,,0.09402032196521759,,,,
21,,,53149,,,,,,,0.09377609193325043,,,,
21,,,53199,,,,,,,0.09386146813631058,,,,
21,,,53249,,,,,,,0.09378356486558914,,,,
21,,,53299,,,,,,,0.09403877705335617,,,,
21,,,53349,,,,,,,0.09397696703672409,,,,
21,,,53399,,,,,,,0.09399785101413727,,,,
21,,,53449,,,,,,,0.09385193884372711,,,,
21,,,53499,,,,,,,0.09380649775266647,,,,
21,,,53549,,,,,,,0.09382063150405884,,,,
21,,,53599,,,,,,,0.09396903216838837,,,,
21,,,53649,,,,,,,0.09374186396598816,,,,
21,,,53699,,,,,,,0.09388326853513718,,,,
21,,,53701,,,,,,,,0.12068207561969757,0.08949670195579529,0.18750286102294922,0.08504664152860641
,0.00011273672514291846,0.00011273672514291846,53702,,,,,,,,,,,
22,,,53749,,,,,,,0.09389813989400864,,,,
22,,,53799,,,,,,,0.09365302324295044,,,,
22,,,53849,,,,,,,0.09333334863185883,,,,
22,,,53899,,,,,,,0.09338932484388351,,,,
22,,,53949,,,,,,,0.09337359666824341,,,,
22,,,53999,,,,,,,0.09337805956602097,,,,
22,,,54049,,,,,,,0.09336548298597336,,,,
22,,,54099,,,,,,,0.09349042177200317,,,,
22,,,54149,,,,,,,0.0935022234916687,,,,
22,,,54199,,,,,,,0.09332826733589172,,,,
22,,,54249,,,,,,,0.09317787736654282,,,,
22,,,54299,,,,,,,0.09290940314531326,,,,
22,,,54349,,,,,,,0.09280812740325928,,,,
22,,,54399,,,,,,,0.09283731877803802,,,,
22,,,54449,,,,,,,0.09295055270195007,,,,
22,,,54499,,,,,,,0.09288907796144485,,,,
22,,,54549,,,,,,,0.09276249259710312,,,,
22,,,54599,,,,,,,0.09254328161478043,,,,
22,,,54649,,,,,,,0.09248076379299164,,,,
22,,,54699,,,,,,,0.09207510948181152,,,,
22,,,54749,,,,,,,0.09186676144599915,,,,
22,,,54799,,,,,,,0.09174441546201706,,,,
22,,,54849,,,,,,,0.09182751923799515,,,,
22,,,54899,,,,,,,0.09185514599084854,,,,
22,,,54949,,,,,,,0.09199336171150208,,,,
22,,,54999,,,,,,,0.09205582737922668,,,,
22,,,55049,,,,,,,0.09232883155345917,,,,
22,,,55099,,,,,,,0.09227129071950912,,,,
22,,,55149,,,,,,,0.09233210235834122,,,,
22,,,55199,,,,,,,0.09226454049348831,,,,
22,,,55249,,,,,,,0.09235844761133194,,,,
22,,,55299,,,,,,,0.09224743396043777,,,,
22,,,55349,,,,,,,0.09223219752311707,,,,
22,,,55399,,,,,,,0.09220005571842194,,,,
22,,,55449,,,,,,,0.09196924418210983,,,,
22,,,55499,,,,,,,0.0919775739312172,,,,
22,,,55549,,,,,,,0.0920550525188446,,,,
22,,,55599,,,,,,,0.09201647341251373,,,,
22,,,55649,,,,,,,0.09213665872812271,,,,
22,,,55699,,,,,,,0.09223629534244537,,,,
22,,,55749,,,,,,,0.09232781082391739,,,,
22,,,55799,,,,,,,0.09249064326286316,,,,
22,,,55849,,,,,,,0.0926717072725296,,,,
22,,,55899,,,,,,,0.09256721287965775,,,,
22,,,55949,,,,,,,0.09252054989337921,,,,
22,,,55999,,,,,,,0.0924139991402626,,,,
22,,,56049,,,,,,,0.09227465838193893,,,,
22,,,56099,,,,,,,0.09208796918392181,,,,
22,,,56142,,,,,,,,0.12304580211639404,0.08969719707965851,0.18882983922958374,0.09061039984226227
,0.00011273672514291846,0.00011273672514291846,56143,,,,,,,,,,,
23,,,56149,,,,,,,0.09192048758268356,,,,
23,,,56199,,,,,,,0.09196588397026062,,,,
23,,,56249,,,,,,,0.09169682115316391,,,,
23,,,56299,,,,,,,0.09167107939720154,,,,
23,,,56349,,,,,,,0.09158477932214737,,,,
23,,,56399,,,,,,,0.0914887860417366,,,,
23,,,56449,,,,,,,0.09147562831640244,,,,
23,,,56499,,,,,,,0.09141409397125244,,,,
23,,,56549,,,,,,,0.09130552411079407,,,,
23,,,56599,,,,,,,0.09131941199302673,,,,
23,,,56649,,,,,,,0.09123039245605469,,,,
23,,,56699,,,,,,,0.09118545800447464,,,,
23,,,56749,,,,,,,0.09112055599689484,,,,
23,,,56799,,,,,,,0.09099035710096359,,,,
23,,,56849,,,,,,,0.09075521677732468,,,,
23,,,56899,,,,,,,0.09064774960279465,,,,
23,,,56949,,,,,,,0.09060950577259064,,,,
23,,,56999,,,,,,,0.09043331444263458,,,,
23,,,57049,,,,,,,0.09016653895378113,,,,
23,,,57099,,,,,,,0.09036214649677277,,,,
23,,,57149,,,,,,,0.09043369442224503,,,,
23,,,57199,,,,,,,0.09045730531215668,,,,
23,,,57249,,,,,,,0.09060760587453842,,,,
23,,,57299,,,,,,,0.09075059741735458,,,,
23,,,57349,,,,,,,0.0910060778260231,,,,
23,,,57399,,,,,,,0.09104858338832855,,,,
23,,,57449,,,,,,,0.09102345257997513,,,,
23,,,57499,,,,,,,0.09111754596233368,,,,
23,,,57549,,,,,,,0.09092484414577484,,,,
23,,,57599,,,,,,,0.09104540199041367,,,,
23,,,57649,,,,,,,0.09116282314062119,,,,
23,,,57699,,,,,,,0.09106193482875824,,,,
23,,,57749,,,,,,,0.09108345210552216,,,,
23,,,57799,,,,,,,0.09122484922409058,,,,
23,,,57849,,,,,,,0.0912712812423706,,,,
23,,,57899,,,,,,,0.0913662388920784,,,,
23,,,57949,,,,,,,0.09130479395389557,,,,
23,,,57999,,,,,,,0.09147654473781586,,,,
23,,,58049,,,,,,,0.0915583148598671,,,,
23,,,58099,,,,,,,0.09147147089242935,,,,
23,,,58149,,,,,,,0.0913112610578537,,,,
23,,,58199,,,,,,,0.09116099774837494,,,,
23,,,58249,,,,,,,0.09117642045021057,,,,
23,,,58299,,,,,,,0.09111201018095016,,,,
23,,,58349,,,,,,,0.09101799130439758,,,,
23,,,58399,,,,,,,0.09103932976722717,,,,
23,,,58449,,,,,,,0.09099997580051422,,,,
23,,,58499,,,,,,,0.09082179516553879,,,,
23,,,58549,,,,,,,0.0910705178976059,,,,
23,,,58583,,,,,,,,0.11324947327375412,0.07258832454681396,0.17390185594558716,0.09325823187828064
,0.00011273672514291846,0.00011273672514291846,58584,,,,,,,,,,,
24,,,58599,,,,,,,0.0911053791642189,,,,
24,,,58649,,,,,,,0.09090226888656616,,,,
24,,,58699,,,,,,,0.09087122231721878,,,,
24,,,58749,,,,,,,0.09081324189901352,,,,
24,,,58799,,,,,,,0.0906662717461586,,,,
24,,,58849,,,,,,,0.09048396348953247,,,,
24,,,58899,,,,,,,0.09051505476236343,,,,
24,,,58949,,,,,,,0.09044594317674637,,,,
24,,,58999,,,,,,,0.09025263786315918,,,,
24,,,59049,,,,,,,0.0903378427028656,,,,
24,,,59099,,,,,,,0.09017039835453033,,,,
24,,,59149,,,,,,,0.09029487520456314,,,,
24,,,59199,,,,,,,0.09012684971094131,,,,
24,,,59249,,,,,,,0.09017293155193329,,,,
24,,,59299,,,,,,,0.08997874706983566,,,,
24,,,59349,,,,,,,0.08988495171070099,,,,
24,,,59399,,,,,,,0.08984095603227615,,,,
24,,,59449,,,,,,,0.0899963229894638,,,,
24,,,59499,,,,,,,0.09004000574350357,,,,
24,,,59549,,,,,,,0.09001784026622772,,,,
24,,,59599,,,,,,,0.08975230157375336,,,,
24,,,59649,,,,,,,0.08988162130117416,,,,
24,,,59699,,,,,,,0.08994396775960922,,,,
24,,,59749,,,,,,,0.08999910205602646,,,,
24,,,59799,,,,,,,0.08999006450176239,,,,
24,,,59849,,,,,,,0.09032177925109863,,,,
24,,,59899,,,,,,,0.09011371433734894,,,,
24,,,59949,,,,,,,0.09022717922925949,,,,
24,,,59999,,,,,,,0.0904410257935524,,,,
24,,,60049,,,,,,,0.09050669521093369,,,,
24,,,60099,,,,,,,0.09071208536624908,,,,
24,,,60149,,,,,,,0.0907558724284172,,,,
24,,,60199,,,,,,,0.09092076122760773,,,,
24,,,60249,,,,,,,0.09081683307886124,,,,
24,,,60299,,,,,,,0.09099935740232468,,,,
24,,,60349,,,,,,,0.09108468890190125,,,,
24,,,60399,,,,,,,0.09099406749010086,,,,
24,,,60449,,,,,,,0.09098463505506516,,,,
24,,,60499,,,,,,,0.0911010131239891,,,,
24,,,60549,,,,,,,0.09103578329086304,,,,
24,,,60599,,,,,,,0.09098073095083237,,,,
24,,,60649,,,,,,,0.09103725850582123,,,,
24,,,60699,,,,,,,0.09097035229206085,,,,
24,,,60749,,,,,,,0.09084437787532806,,,,
24,,,60799,,,,,,,0.09075558185577393,,,,
24,,,60849,,,,,,,0.0906493067741394,,,,
24,,,60899,,,,,,,0.09073234349489212,,,,
24,,,60949,,,,,,,0.09052310138940811,,,,
24,,,60999,,,,,,,0.09046102315187454,,,,
24,,,61024,,,,,,,,0.10637185722589493,0.07307172566652298,0.16445308923721313,0.08159074932336807
,0.00011273672514291846,0.00011273672514291846,61025,,,,,,,,,,,
25,,,61049,,,,,,,0.09039207547903061,,,,
25,,,61099,,,,,,,0.0901978611946106,,,,
25,,,61149,,,,,,,0.09013309329748154,,,,
25,,,61199,,,,,,,0.08988317847251892,,,,
25,,,61249,,,,,,,0.08990513533353806,,,,
25,,,61299,,,,,,,0.08960600197315216,,,,
25,,,61349,,,,,,,0.08953677862882614,,,,
25,,,61399,,,,,,,0.08944118767976761,,,,
25,,,61449,,,,,,,0.08913616091012955,,,,
25,,,61499,,,,,,,0.08896695822477341,,,,
25,,,61549,,,,,,,0.08884578943252563,,,,
25,,,61599,,,,,,,0.0889400914311409,,,,
25,,,61649,,,,,,,0.08893362432718277,,,,
25,,,61699,,,,,,,0.0889778584241867,,,,
25,,,61749,,,,,,,0.08915961533784866,,,,
25,,,61799,,,,,,,0.08920427411794662,,,,
25,,,61849,,,,,,,0.0892118439078331,,,,
25,,,61899,,,,,,,0.08915037661790848,,,,
25,,,61949,,,,,,,0.08935888856649399,,,,
25,,,61999,,,,,,,0.0890493243932724,,,,
25,,,62049,,,,,,,0.08895112574100494,,,,
25,,,62099,,,,,,,0.08905289322137833,,,,
25,,,62149,,,,,,,0.08904404938220978,,,,
25,,,62199,,,,,,,0.08924336731433868,,,,
25,,,62249,,,,,,,0.08910667151212692,,,,
25,,,62299,,,,,,,0.0891624316573143,,,,
25,,,62349,,,,,,,0.08909039199352264,,,,
25,,,62399,,,,,,,0.08924335986375809,,,,
25,,,62449,,,,,,,0.08937596529722214,,,,
25,,,62499,,,,,,,0.08940329402685165,,,,
25,,,62549,,,,,,,0.08957169950008392,,,,
25,,,62599,,,,,,,0.0895647183060646,,,,
25,,,62649,,,,,,,0.08936331421136856,,,,
25,,,62699,,,,,,,0.0893186405301094,,,,
25,,,62749,,,,,,,0.08925566077232361,,,,
25,,,62799,,,,,,,0.08931190520524979,,,,
25,,,62849,,,,,,,0.08916571736335754,,,,
25,,,62899,,,,,,,0.08932880312204361,,,,
25,,,62949,,,,,,,0.08920467644929886,,,,
25,,,62999,,,,,,,0.08949974179267883,,,,
25,,,63049,,,,,,,0.0896374061703682,,,,
25,,,63099,,,,,,,0.08948550373315811,,,,
25,,,63149,,,,,,,0.08943980187177658,,,,
25,,,63199,,,,,,,0.08961749076843262,,,,
25,,,63249,,,,,,,0.08965440094470978,,,,
25,,,63299,,,,,,,0.08988583087921143,,,,
25,,,63349,,,,,,,0.08976385742425919,,,,
25,,,63399,,,,,,,0.0897255390882492,,,,
25,,,63449,,,,,,,0.08965441584587097,,,,
25,,,63465,,,,,,,,0.1148371696472168,0.0837317556142807,0.17698894441127777,0.08379080891609192
,0.00011273672514291846,0.00011273672514291846,63466,,,,,,,,,,,
26,,,63499,,,,,,,0.08970144391059875,,,,
26,,,63549,,,,,,,0.08950059860944748,,,,
26,,,63599,,,,,,,0.08932290971279144,,,,
26,,,63649,,,,,,,0.08922018110752106,,,,
26,,,63699,,,,,,,0.08919331431388855,,,,
26,,,63749,,,,,,,0.08893554657697678,,,,
26,,,63799,,,,,,,0.08892172574996948,,,,
26,,,63849,,,,,,,0.08911468833684921,,,,
26,,,63899,,,,,,,0.08877123892307281,,,,
26,,,63949,,,,,,,0.08867918699979782,,,,
26,,,63999,,,,,,,0.0884559378027916,,,,
26,,,64049,,,,,,,0.08821485936641693,,,,
26,,,64099,,,,,,,0.08822917193174362,,,,
26,,,64149,,,,,,,0.08824663609266281,,,,
26,,,64199,,,,,,,0.0879293829202652,,,,
26,,,64249,,,,,,,0.08789031952619553,,,,
26,,,64299,,,,,,,0.08763618022203445,,,,
26,,,64349,,,,,,,0.0877043604850769,,,,
26,,,64399,,,,,,,0.08776925504207611,,,,
26,,,64449,,,,,,,0.08781736344099045,,,,
26,,,64499,,,,,,,0.08780616521835327,,,,
26,,,64549,,,,,,,0.08772577345371246,,,,
26,,,64599,,,,,,,0.08786334842443466,,,,
26,,,64649,,,,,,,0.08788575232028961,,,,
26,,,64699,,,,,,,0.0878690853714943,,,,
26,,,64749,,,,,,,0.08814375102519989,,,,
26,,,64799,,,,,,,0.08819258958101273,,,,
26,,,64849,,,,,,,0.08807776868343353,,,,
26,,,64899,,,,,,,0.088409923017025,,,,
26,,,64949,,,,,,,0.08856076002120972,,,,
26,,,64999,,,,,,,0.08864442259073257,,,,
26,,,65049,,,,,,,0.08876283466815948,,,,
26,,,65099,,,,,,,0.08885921537876129,,,,
26,,,65149,,,,,,,0.08868885040283203,,,,
26,,,65199,,,,,,,0.08877138048410416,,,,
26,,,65249,,,,,,,0.08883631974458694,,,,
26,,,65299,,,,,,,0.08906141668558121,,,,
26,,,65349,,,,,,,0.08915775269269943,,,,
26,,,65399,,,,,,,0.08900605142116547,,,,
26,,,65449,,,,,,,0.08887507021427155,,,,
26,,,65499,,,,,,,0.08873368054628372,,,,
26,,,65549,,,,,,,0.08904686570167542,,,,
26,,,65599,,,,,,,0.08905305713415146,,,,
26,,,65649,,,,,,,0.08901240676641464,,,,
26,,,65699,,,,,,,0.08904233574867249,,,,
26,,,65749,,,,,,,0.08879618346691132,,,,
26,,,65799,,,,,,,0.08848067373037338,,,,
26,,,65849,,,,,,,0.08839278668165207,,,,
26,,,65899,,,,,,,0.08816736936569214,,,,
26,,,65906,,,,,,,,0.11147138476371765,0.07889927923679352,0.17247632145881653,0.08303855359554291
,0.00011273672514291846,0.00011273672514291846,65907,,,,,,,,,,,
27,,,65949,,,,,,,0.08791247010231018,,,,
27,,,65999,,,,,,,0.08793046325445175,,,,
27,,,66049,,,,,,,0.08783616870641708,,,,
27,,,66099,,,,,,,0.0876353308558464,,,,
27,,,66149,,,,,,,0.08787304908037186,,,,
27,,,66199,,,,,,,0.08778685331344604,,,,
27,,,66249,,,,,,,0.08782867342233658,,,,
27,,,66299,,,,,,,0.08763696253299713,,,,
27,,,66349,,,,,,,0.08734440803527832,,,,
27,,,66399,,,,,,,0.08732261508703232,,,,
27,,,66449,,,,,,,0.08731744438409805,,,,
27,,,66499,,,,,,,0.08723802119493484,,,,
27,,,66549,,,,,,,0.08694086968898773,,,,
27,,,66599,,,,,,,0.08702018857002258,,,,
27,,,66649,,,,,,,0.0871063843369484,,,,
27,,,66699,,,,,,,0.08699931204319,,,,
27,,,66749,,,,,,,0.08721362054347992,,,,
27,,,66799,,,,,,,0.08732307702302933,,,,
27,,,66849,,,,,,,0.0872889831662178,,,,
27,,,66899,,,,,,,0.08726447820663452,,,,
27,,,66949,,,,,,,0.08740726113319397,,,,
27,,,66999,,,,,,,0.08737058192491531,,,,
27,,,67049,,,,,,,0.08725462853908539,,,,
27,,,67099,,,,,,,0.08728595823049545,,,,
27,,,67149,,,,,,,0.08700505644083023,,,,
27,,,67199,,,,,,,0.08697012811899185,,,,
27,,,67249,,,,,,,0.08685950189828873,,,,
27,,,67299,,,,,,,0.08690200001001358,,,,
27,,,67349,,,,,,,0.08724619448184967,,,,
27,,,67399,,,,,,,0.08726561814546585,,,,
27,,,67449,,,,,,,0.08726410567760468,,,,
27,,,67499,,,,,,,0.08722028136253357,,,,
27,,,67549,,,,,,,0.08730890601873398,,,,
27,,,67599,,,,,,,0.08721132576465607,,,,
27,,,67649,,,,,,,0.08710445463657379,,,,
27,,,67699,,,,,,,0.08722908794879913,,,,
27,,,67749,,,,,,,0.08697956055402756,,,,
27,,,67799,,,,,,,0.08709178864955902,,,,
27,,,67849,,,,,,,0.08714091032743454,,,,
27,,,67899,,,,,,,0.08705619722604752,,,,
27,,,67949,,,,,,,0.08709598332643509,,,,
27,,,67999,,,,,,,0.0870412290096283,,,,
27,,,68049,,,,,,,0.0872330516576767,,,,
27,,,68099,,,,,,,0.08719103038311005,,,,
27,,,68149,,,,,,,0.08719465136528015,,,,
27,,,68199,,,,,,,0.08751141279935837,,,,
27,,,68249,,,,,,,0.087494395673275,,,,
27,,,68299,,,,,,,0.08741573989391327,,,,
27,,,68347,,,,,,,,0.11120516061782837,0.07591655105352402,0.16940152645111084,0.08829734474420547
,0.00011273672514291846,0.00011273672514291846,68348,,,,,,,,,,,
28,,,68349,,,,,,,0.08729620277881622,,,,
28,,,68399,,,,,,,0.08739103376865387,,,,
28,,,68449,,,,,,,0.08745220303535461,,,,
28,,,68499,,,,,,,0.08749381452798843,,,,
28,,,68549,,,,,,,0.08762887120246887,,,,
28,,,68599,,,,,,,0.08746161311864853,,,,
28,,,68649,,,,,,,0.08752677589654922,,,,
28,,,68699,,,,,,,0.08734140545129776,,,,
28,,,68749,,,,,,,0.0873807817697525,,,,
28,,,68799,,,,,,,0.08736217767000198,,,,
28,,,68849,,,,,,,0.08724657446146011,,,,
28,,,68899,,,,,,,0.08719493448734283,,,,
28,,,68949,,,,,,,0.08703958243131638,,,,
28,,,68999,,,,,,,0.0868816003203392,,,,
28,,,69049,,,,,,,0.08670394867658615,,,,
28,,,69099,,,,,,,0.08688357472419739,,,,
28,,,69149,,,,,,,0.08702564984560013,,,,
28,,,69199,,,,,,,0.08675973862409592,,,,
28,,,69249,,,,,,,0.08674953132867813,,,,
28,,,69299,,,,,,,0.08650598675012589,,,,
28,,,69349,,,,,,,0.0862545296549797,,,,
28,,,69399,,,,,,,0.0861312597990036,,,,
28,,,69449,,,,,,,0.08602923899888992,,,,
28,,,69499,,,,,,,0.0861349031329155,,,,
28,,,69549,,,,,,,0.0859965905547142,,,,
28,,,69599,,,,,,,0.08619005233049393,,,,
28,,,69649,,,,,,,0.08600182086229324,,,,
28,,,69699,,,,,,,0.08605600893497467,,,,
28,,,69749,,,,,,,0.08609490096569061,,,,
28,,,69799,,,,,,,0.08602780103683472,,,,
28,,,69849,,,,,,,0.0859435573220253,,,,
28,,,69899,,,,,,,0.08599739521741867,,,,
28,,,69949,,,,,,,0.08594347536563873,,,,
28,,,69999,,,,,,,0.08614851534366608,,,,
28,,,70049,,,,,,,0.08630144596099854,,,,
28,,,70099,,,,,,,0.08619188517332077,,,,
28,,,70149,,,,,,,0.08616463840007782,,,,
28,,,70199,,,,,,,0.08635079860687256,,,,
28,,,70249,,,,,,,0.08632851392030716,,,,
28,,,70299,,,,,,,0.08660613745450974,,,,
28,,,70349,,,,,,,0.0867207944393158,,,,
28,,,70399,,,,,,,0.0869351178407669,,,,
28,,,70449,,,,,,,0.08710499852895737,,,,
28,,,70499,,,,,,,0.08691595494747162,,,,
28,,,70549,,,,,,,0.08685486763715744,,,,
28,,,70599,,,,,,,0.0867302268743515,,,,
28,,,70649,,,,,,,0.08686089515686035,,,,
28,,,70699,,,,,,,0.08693917840719223,,,,
28,,,70749,,,,,,,0.08707138895988464,,,,
28,,,70788,,,,,,,,0.10697197914123535,0.07027391344308853,0.1664275825023651,0.08421441912651062
,0.00011273672514291846,0.00011273672514291846,70789,,,,,,,,,,,
29,,,70799,,,,,,,0.08704069256782532,,,,
29,,,70849,,,,,,,0.0871034562587738,,,,
29,,,70899,,,,,,,0.08701813966035843,,,,
29,,,70949,,,,,,,0.08698859065771103,,,,
29,,,70999,,,,,,,0.08689388632774353,,,,
29,,,71049,,,,,,,0.08674360811710358,,,,
29,,,71099,,,,,,,0.08655356615781784,,,,
29,,,71149,,,,,,,0.08645224571228027,,,,
29,,,71199,,,,,,,0.08616487681865692,,,,
29,,,71249,,,,,,,0.08609221130609512,,,,
29,,,71299,,,,,,,0.08590081334114075,,,,
29,,,71349,,,,,,,0.08601278066635132,,,,
29,,,71399,,,,,,,0.08597716689109802,,,,
29,,,71449,,,,,,,0.08584936708211899,,,,
29,,,71499,,,,,,,0.08593545854091644,,,,
29,,,71549,,,,,,,0.08584987372159958,,,,
29,,,71599,,,,,,,0.08579876273870468,,,,
29,,,71649,,,,,,,0.08555439859628677,,,,
29,,,71699,,,,,,,0.08529336750507355,,,,
29,,,71749,,,,,,,0.08505014330148697,,,,
29,,,71799,,,,,,,0.08506431430578232,,,,
29,,,71849,,,,,,,0.085147425532341,,,,
29,,,71899,,,,,,,0.08523326367139816,,,,
29,,,71949,,,,,,,0.08541488647460938,,,,
29,,,71999,,,,,,,0.08544201403856277,,,,
29,,,72049,,,,,,,0.08562032133340836,,,,
29,,,72099,,,,,,,0.08560075610876083,,,,
29,,,72149,,,,,,,0.08570657670497894,,,,
29,,,72199,,,,,,,0.08583757281303406,,,,
29,,,72249,,,,,,,0.08588110655546188,,,,
29,,,72299,,,,,,,0.08597873896360397,,,,
29,,,72349,,,,,,,0.08577217906713486,,,,
29,,,72399,,,,,,,0.08542218059301376,,,,
29,,,72449,,,,,,,0.08529724925756454,,,,
29,,,72499,,,,,,,0.08517870306968689,,,,
29,,,72549,,,,,,,0.0852777287364006,,,,
29,,,72599,,,,,,,0.0852244421839714,,,,
29,,,72649,,,,,,,0.08536572754383087,,,,
29,,,72699,,,,,,,0.08553703874349594,,,,
29,,,72749,,,,,,,0.08555085211992264,,,,
29,,,72799,,,,,,,0.08554707467556,,,,
29,,,72849,,,,,,,0.08534827828407288,,,,
29,,,72899,,,,,,,0.08546525239944458,,,,
29,,,72949,,,,,,,0.0854654535651207,,,,
29,,,72999,,,,,,,0.08553454279899597,,,,
29,,,73049,,,,,,,0.08561224490404129,,,,
29,,,73099,,,,,,,0.08567977696657181,,,,
29,,,73149,,,,,,,0.08556564152240753,,,,
29,,,73199,,,,,,,0.08566661924123764,,,,
29,,,73229,,,,,,,,0.11191384494304657,0.0681924819946289,0.1727258712053299,0.0948231965303421
30,,,73230,0.108331598341465,0.13205310702323914,0.07180166244506836,0.15502049028873444,0.12718136608600616,0.0556013286113739,,,,,
