epoch,lr-AdamW/pg1,lr-AdamW/pg2,step,test_loss,train_loss,val_loss
,0.00011273672514291846,0.00011273672514291846,0,,,
0,,,49,,22.168987274169922,
0,,,99,,18.580650329589844,
0,,,149,,15.233495712280273,
0,,,199,,13.218402862548828,
0,,,249,,11.63264274597168,
0,,,299,,10.550097465515137,
0,,,349,,9.779358863830566,
0,,,399,,9.127167701721191,
0,,,449,,8.572126388549805,
0,,,499,,8.14819049835205,
0,,,549,,7.756241798400879,
0,,,599,,7.4219841957092285,
0,,,649,,7.138953685760498,
0,,,699,,6.878104209899902,
0,,,749,,6.637653827667236,
0,,,799,,6.428922653198242,
0,,,849,,6.246880054473877,
0,,,899,,6.0751729011535645,
0,,,949,,5.920261383056641,
0,,,999,,5.761954307556152,
0,,,1049,,4.79258918762207,
0,,,1099,,4.1807332038879395,
0,,,1149,,3.882685661315918,
0,,,1199,,3.646941661834717,
0,,,1249,,3.5038294792175293,
0,,,1299,,3.367772102355957,
0,,,1349,,3.212700605392456,
0,,,1399,,3.0894198417663574,
0,,,1449,,2.9962661266326904,
0,,,1499,,2.8742754459381104,
0,,,1549,,2.7811155319213867,
0,,,1599,,2.6887636184692383,
0,,,1649,,2.597498893737793,
0,,,1699,,2.5198094844818115,
0,,,1749,,2.440593719482422,
0,,,1799,,2.3577303886413574,
0,,,1849,,2.277193546295166,
0,,,1899,,2.202018976211548,
0,,,1949,,2.1209120750427246,
0,,,1999,,2.062317132949829,
0,,,2049,,1.9949676990509033,
0,,,2099,,1.9269742965698242,
0,,,2149,,1.8768004179000854,
0,,,2199,,1.8248531818389893,
0,,,2249,,1.7776004076004028,
0,,,2299,,1.723484754562378,
0,,,2349,,1.6887813806533813,
0,,,2399,,1.646363377571106,
0,,,2440,,,1.6563140153884888
,0.00011273672514291846,0.00011273672514291846,2441,,,
1,,,2449,,1.5975091457366943,
1,,,2499,,1.5658915042877197,
1,,,2549,,1.5327156782150269,
1,,,2599,,1.4979842901229858,
1,,,2649,,1.4621555805206299,
1,,,2699,,1.4261044263839722,
1,,,2749,,1.3977545499801636,
1,,,2799,,1.3736882209777832,
1,,,2849,,1.3426692485809326,
1,,,2899,,1.3138548135757446,
1,,,2949,,1.2929805517196655,
1,,,2999,,1.2720993757247925,
1,,,3049,,1.254741907119751,
1,,,3099,,1.2399101257324219,
1,,,3149,,1.2149890661239624,
1,,,3199,,1.1968140602111816,
1,,,3249,,1.17178475856781,
1,,,3299,,1.1545923948287964,
1,,,3349,,1.1378870010375977,
1,,,3399,,1.1248934268951416,
1,,,3449,,1.1072899103164673,
1,,,3499,,1.0943275690078735,
1,,,3549,,1.0769283771514893,
1,,,3599,,1.0679059028625488,
1,,,3649,,1.0575722455978394,
1,,,3699,,1.0464928150177002,
1,,,3749,,1.0383210182189941,
1,,,3799,,1.0255991220474243,
1,,,3849,,1.0170061588287354,
1,,,3899,,1.0064430236816406,
1,,,3949,,0.9981723427772522,
1,,,3999,,0.9856287837028503,
1,,,4049,,0.9785404801368713,
1,,,4099,,0.970782458782196,
1,,,4149,,0.9633954763412476,
1,,,4199,,0.9525826573371887,
1,,,4249,,0.9472833275794983,
1,,,4299,,0.9441404342651367,
1,,,4349,,0.9362292289733887,
1,,,4399,,0.9312847256660461,
1,,,4449,,0.9298787117004395,
1,,,4499,,0.9233324527740479,
1,,,4549,,0.9155387282371521,
1,,,4599,,0.9031533598899841,
1,,,4649,,0.895599901676178,
1,,,4699,,0.8877370953559875,
1,,,4749,,0.8787789940834045,
1,,,4799,,0.8752526044845581,
1,,,4849,,0.8693981766700745,
1,,,4881,,,1.8748379945755005
,0.00011273672514291846,0.00011273672514291846,4882,,,
2,,,4899,,0.8666993975639343,
2,,,4949,,0.8586804270744324,
2,,,4999,,0.8528799414634705,
2,,,5049,,0.8448762893676758,
2,,,5099,,0.8334028720855713,
2,,,5149,,0.8300016522407532,
2,,,5199,,0.8229237794876099,
2,,,5249,,0.8188556432723999,
2,,,5299,,0.8103173971176147,
2,,,5349,,0.8049402236938477,
2,,,5399,,0.7987013459205627,
2,,,5449,,0.7887656092643738,
2,,,5499,,0.7817253470420837,
2,,,5549,,0.7789381742477417,
2,,,5599,,0.7770233750343323,
2,,,5649,,0.771961510181427,
2,,,5699,,0.7640159726142883,
2,,,5749,,0.7591230273246765,
2,,,5799,,0.7520326375961304,
2,,,5849,,0.7490988969802856,
2,,,5899,,0.7442363500595093,
2,,,5949,,0.742872953414917,
2,,,5999,,0.7380552887916565,
2,,,6049,,0.7328689098358154,
2,,,6099,,0.7327962517738342,
2,,,6149,,0.7265693545341492,
2,,,6199,,0.7260963320732117,
2,,,6249,,0.720209002494812,
2,,,6299,,0.714974582195282,
2,,,6349,,0.7129416465759277,
2,,,6399,,0.709091305732727,
2,,,6449,,0.7077870965003967,
2,,,6499,,0.7046970129013062,
2,,,6549,,0.701333224773407,
2,,,6599,,0.6940721273422241,
2,,,6649,,0.6881894469261169,
2,,,6699,,0.6881240010261536,
2,,,6749,,0.689407229423523,
2,,,6799,,0.6897624731063843,
2,,,6849,,0.6844407916069031,
2,,,6899,,0.6808336973190308,
2,,,6949,,0.6762868762016296,
2,,,6999,,0.675077497959137,
2,,,7049,,0.6725074648857117,
2,,,7099,,0.6692430377006531,
2,,,7149,,0.6658042669296265,
2,,,7199,,0.662331223487854,
2,,,7249,,0.6619387865066528,
2,,,7299,,0.6611593961715698,
2,,,7322,,,0.9237309098243713
,0.00011273672514291846,0.00011273672514291846,7323,,,
3,,,7349,,0.6549564599990845,
3,,,7399,,0.6502563953399658,
3,,,7449,,0.6429009437561035,
3,,,7499,,0.63723224401474,
3,,,7549,,0.6342936158180237,
3,,,7599,,0.634034276008606,
3,,,7649,,0.6322933435440063,
3,,,7699,,0.6267175674438477,
3,,,7749,,0.6219455599784851,
3,,,7799,,0.6157593727111816,
3,,,7849,,0.61229008436203,
3,,,7899,,0.6087555289268494,
3,,,7949,,0.6035571098327637,
3,,,7999,,0.5998410582542419,
3,,,8049,,0.597154438495636,
3,,,8099,,0.5945013165473938,
3,,,8149,,0.5888655781745911,
3,,,8199,,0.5856418609619141,
3,,,8249,,0.5844423770904541,
3,,,8299,,0.5807392597198486,
3,,,8349,,0.5783172249794006,
3,,,8399,,0.5758712291717529,
3,,,8449,,0.5768608450889587,
3,,,8499,,0.5768030881881714,
3,,,8549,,0.5747366547584534,
3,,,8599,,0.574128270149231,
3,,,8649,,0.5715264081954956,
3,,,8699,,0.5728610754013062,
3,,,8749,,0.5706379413604736,
3,,,8799,,0.5712912082672119,
3,,,8849,,0.570320725440979,
3,,,8899,,0.5703644156455994,
3,,,8949,,0.5728943347930908,
3,,,8999,,0.5715979933738708,
3,,,9049,,0.5722717046737671,
3,,,9099,,0.5691657662391663,
3,,,9149,,0.5709040760993958,
3,,,9199,,0.5729740262031555,
3,,,9249,,0.5681251287460327,
3,,,9299,,0.5665320754051208,
3,,,9349,,0.5642775297164917,
3,,,9399,,0.5662128925323486,
3,,,9449,,0.5656230449676514,
3,,,9499,,0.5648757815361023,
3,,,9549,,0.5642630457878113,
3,,,9599,,0.5608351230621338,
3,,,9649,,0.5619773268699646,
3,,,9699,,0.5597885251045227,
3,,,9749,,0.5600032210350037,
3,,,9763,,,0.8446897864341736
,0.00011273672514291846,0.00011273672514291846,9764,,,
4,,,9799,,0.5548525452613831,
4,,,9849,,0.5513456463813782,
4,,,9899,,0.5488578081130981,
4,,,9949,,0.5435220003128052,
4,,,9999,,0.5422489047050476,
4,,,10049,,0.5359127521514893,
4,,,10099,,0.5342200994491577,
4,,,10149,,0.5290804505348206,
4,,,10199,,0.5253131985664368,
4,,,10249,,0.52265465259552,
4,,,10299,,0.5206244587898254,
4,,,10349,,0.5206519365310669,
4,,,10399,,0.5166610479354858,
4,,,10449,,0.5137612223625183,
4,,,10499,,0.5132653117179871,
4,,,10549,,0.5087401270866394,
4,,,10599,,0.5081754326820374,
4,,,10649,,0.5039215087890625,
4,,,10699,,0.5029200315475464,
4,,,10749,,0.49821168184280396,
4,,,10799,,0.49814799427986145,
4,,,10849,,0.49797338247299194,
4,,,10899,,0.49642038345336914,
4,,,10949,,0.49606576561927795,
4,,,10999,,0.4937976598739624,
4,,,11049,,0.49382585287094116,
4,,,11099,,0.49385496973991394,
4,,,11149,,0.49445128440856934,
4,,,11199,,0.4933986961841583,
4,,,11249,,0.49254077672958374,
4,,,11299,,0.4935792088508606,
4,,,11349,,0.4938746988773346,
4,,,11399,,0.49283233284950256,
4,,,11449,,0.4931369721889496,
4,,,11499,,0.491908997297287,
4,,,11549,,0.4922511875629425,
4,,,11599,,0.49071213603019714,
4,,,11649,,0.4916703999042511,
4,,,11699,,0.4897869825363159,
4,,,11749,,0.49082669615745544,
4,,,11799,,0.49000635743141174,
4,,,11849,,0.4890419542789459,
4,,,11899,,0.48922649025917053,
4,,,11949,,0.48979517817497253,
4,,,11999,,0.4893213212490082,
4,,,12049,,0.49212223291397095,
4,,,12099,,0.4917738437652588,
4,,,12149,,0.48981979489326477,
4,,,12199,,0.4909888505935669,
4,,,12204,,,0.83880215883255
,0.00011273672514291846,0.00011273672514291846,12205,,,
5,,,12249,,0.489820659160614,
5,,,12299,,0.48542556166648865,
5,,,12349,,0.4838060140609741,
5,,,12399,,0.48197245597839355,
5,,,12449,,0.47900083661079407,
5,,,12499,,0.4758951663970947,
5,,,12549,,0.47308027744293213,
5,,,12599,,0.47208988666534424,
5,,,12649,,0.4698631763458252,
5,,,12699,,0.4678342342376709,
5,,,12749,,0.46477365493774414,
5,,,12799,,0.46340495347976685,
5,,,12849,,0.46152037382125854,
5,,,12899,,0.459415078163147,
5,,,12949,,0.4560142457485199,
5,,,12999,,0.4543784260749817,
5,,,13049,,0.4491816759109497,
5,,,13099,,0.44640523195266724,
5,,,13149,,0.44825103878974915,
5,,,13199,,0.4451403021812439,
5,,,13249,,0.4433494210243225,
5,,,13299,,0.4448685646057129,
5,,,13349,,0.4439903497695923,
5,,,13399,,0.4445125460624695,
5,,,13449,,0.44439923763275146,
5,,,13499,,0.4447823464870453,
5,,,13549,,0.4465693533420563,
5,,,13599,,0.44504550099372864,
5,,,13649,,0.444453626871109,
5,,,13699,,0.44399234652519226,
5,,,13749,,0.44391772150993347,
5,,,13799,,0.4435938596725464,
5,,,13849,,0.44473421573638916,
5,,,13899,,0.4436977505683899,
5,,,13949,,0.44345781207084656,
5,,,13999,,0.44259113073349,
5,,,14049,,0.44427576661109924,
5,,,14099,,0.44479724764823914,
5,,,14149,,0.44156667590141296,
5,,,14199,,0.44153422117233276,
5,,,14249,,0.4427068829536438,
5,,,14299,,0.4404433071613312,
5,,,14349,,0.4396876096725464,
5,,,14399,,0.4373795688152313,
5,,,14449,,0.43841037154197693,
5,,,14499,,0.43708959221839905,
5,,,14549,,0.43385183811187744,
5,,,14599,,0.4344499707221985,
5,,,14645,,,0.9660012125968933
,0.00011273672514291846,0.00011273672514291846,14646,,,
6,,,14649,,0.43431317806243896,
6,,,14699,,0.4324119985103607,
6,,,14749,,0.430937260389328,
6,,,14799,,0.42916008830070496,
6,,,14849,,0.42570406198501587,
6,,,14899,,0.4245627522468567,
6,,,14949,,0.42324206233024597,
6,,,14999,,0.42178618907928467,
6,,,15049,,0.41856059432029724,
6,,,15099,,0.4174557030200958,
6,,,15149,,0.4156933128833771,
6,,,15199,,0.4120407700538635,
6,,,15249,,0.4101412296295166,
6,,,15299,,0.40979906916618347,
6,,,15349,,0.408233106136322,
6,,,15399,,0.4067361354827881,
6,,,15449,,0.40616893768310547,
6,,,15499,,0.4048045575618744,
6,,,15549,,0.40410229563713074,
6,,,15599,,0.40320849418640137,
6,,,15649,,0.4031878113746643,
6,,,15699,,0.4025568962097168,
6,,,15749,,0.4017490744590759,
6,,,15799,,0.40261468291282654,
6,,,15849,,0.40327534079551697,
6,,,15899,,0.4038941562175751,
6,,,15949,,0.40512755513191223,
6,,,15999,,0.40413376688957214,
6,,,16049,,0.4047592580318451,
6,,,16099,,0.40371981263160706,
6,,,16149,,0.40397879481315613,
6,,,16199,,0.40465980768203735,
6,,,16249,,0.40577274560928345,
6,,,16299,,0.4065691828727722,
6,,,16349,,0.40795737504959106,
6,,,16399,,0.40905705094337463,
6,,,16449,,0.4072096347808838,
6,,,16499,,0.4072299599647522,
6,,,16549,,0.40763723850250244,
6,,,16599,,0.4068790674209595,
6,,,16649,,0.4041873514652252,
6,,,16699,,0.4046960175037384,
6,,,16749,,0.40452805161476135,
6,,,16799,,0.4042853116989136,
6,,,16849,,0.4050326645374298,
6,,,16899,,0.403682142496109,
6,,,16949,,0.4023444950580597,
6,,,16999,,0.40311896800994873,
6,,,17049,,0.403218150138855,
6,,,17086,,,0.6838287115097046
,0.00011273672514291846,0.00011273672514291846,17087,,,
7,,,17099,,0.403422087430954,
7,,,17149,,0.40187275409698486,
7,,,17199,,0.39969679713249207,
7,,,17249,,0.3963642716407776,
7,,,17299,,0.39394912123680115,
7,,,17349,,0.3906598389148712,
7,,,17399,,0.3886241614818573,
7,,,17449,,0.3887975811958313,
7,,,17499,,0.38746848702430725,
7,,,17549,,0.38583052158355713,
7,,,17599,,0.38465777039527893,
7,,,17649,,0.38454669713974,
7,,,17699,,0.38453927636146545,
7,,,17749,,0.3834436535835266,
7,,,17799,,0.3817773759365082,
7,,,17849,,0.3796328902244568,
7,,,17899,,0.37849143147468567,
7,,,17949,,0.37755754590034485,
7,,,17999,,0.3754895031452179,
7,,,18049,,0.37345120310783386,
7,,,18099,,0.3732944428920746,
7,,,18149,,0.37315651774406433,
7,,,18199,,0.3749159872531891,
7,,,18249,,0.3767234981060028,
7,,,18299,,0.3773322105407715,
7,,,18349,,0.3777450621128082,
7,,,18399,,0.37935614585876465,
7,,,18449,,0.37800654768943787,
7,,,18499,,0.3792925477027893,
7,,,18549,,0.37998348474502563,
7,,,18599,,0.38025689125061035,
7,,,18649,,0.38074710965156555,
7,,,18699,,0.3793424665927887,
7,,,18749,,0.37926360964775085,
7,,,18799,,0.378743439912796,
7,,,18849,,0.37781140208244324,
7,,,18899,,0.378741979598999,
7,,,18949,,0.3783072531223297,
7,,,18999,,0.3771623373031616,
7,,,19049,,0.37852969765663147,
7,,,19099,,0.376349538564682,
7,,,19149,,0.3775213062763214,
7,,,19199,,0.37716734409332275,
7,,,19249,,0.37557756900787354,
7,,,19299,,0.375271201133728,
7,,,19349,,0.37347933650016785,
7,,,19399,,0.37282246351242065,
7,,,19449,,0.3723866641521454,
7,,,19499,,0.3707810640335083,
7,,,19527,,,0.6931318640708923
,0.00011273672514291846,0.00011273672514291846,19528,,,
8,,,19549,,0.3697868883609772,
8,,,19599,,0.3681453466415405,
8,,,19649,,0.3664117455482483,
8,,,19699,,0.3656265437602997,
8,,,19749,,0.3642086684703827,
8,,,19799,,0.3625950217247009,
8,,,19849,,0.36285436153411865,
8,,,19899,,0.3601975739002228,
8,,,19949,,0.35872209072113037,
8,,,19999,,0.3594251275062561,
8,,,20049,,0.3571094870567322,
8,,,20099,,0.35651835799217224,
8,,,20149,,0.35646429657936096,
8,,,20199,,0.3567597270011902,
8,,,20249,,0.35656893253326416,
8,,,20299,,0.3560984432697296,
8,,,20349,,0.3575969338417053,
8,,,20399,,0.3557906746864319,
8,,,20449,,0.3544653058052063,
8,,,20499,,0.3544462323188782,
8,,,20549,,0.35535746812820435,
8,,,20599,,0.35761532187461853,
8,,,20649,,0.35646575689315796,
8,,,20699,,0.356602281332016,
8,,,20749,,0.356760174036026,
8,,,20799,,0.3576766550540924,
8,,,20849,,0.3570215702056885,
8,,,20899,,0.35888341069221497,
8,,,20949,,0.3599132001399994,
8,,,20999,,0.3597065210342407,
8,,,21049,,0.3597198724746704,
8,,,21099,,0.362286776304245,
8,,,21149,,0.36116188764572144,
8,,,21199,,0.35929402709007263,
8,,,21249,,0.3586358428001404,
8,,,21299,,0.3578268885612488,
8,,,21349,,0.3559357523918152,
8,,,21399,,0.35567232966423035,
8,,,21449,,0.35563015937805176,
8,,,21499,,0.3552691340446472,
8,,,21549,,0.3531196713447571,
8,,,21599,,0.3515090048313141,
8,,,21649,,0.3524071276187897,
8,,,21699,,0.35124075412750244,
8,,,21749,,0.3528837561607361,
8,,,21799,,0.3524318039417267,
8,,,21849,,0.3527301251888275,
8,,,21899,,0.35149410367012024,
8,,,21949,,0.3516157567501068,
8,,,21968,,,0.5556150674819946
,0.00011273672514291846,0.00011273672514291846,21969,,,
9,,,21999,,0.3515690267086029,
9,,,22049,,0.35040658712387085,
9,,,22099,,0.34760451316833496,
9,,,22149,,0.3456680178642273,
9,,,22199,,0.3443354666233063,
9,,,22249,,0.3447628617286682,
9,,,22299,,0.34437045454978943,
9,,,22349,,0.34303873777389526,
9,,,22399,,0.342963308095932,
9,,,22449,,0.34219369292259216,
9,,,22499,,0.3409207761287689,
9,,,22549,,0.34006598591804504,
9,,,22599,,0.3380802571773529,
9,,,22649,,0.33694371581077576,
9,,,22699,,0.33726000785827637,
9,,,22749,,0.33567389845848083,
9,,,22799,,0.33486783504486084,
9,,,22849,,0.3335091471672058,
9,,,22899,,0.3324655294418335,
9,,,22949,,0.3308772146701813,
9,,,22999,,0.3294295072555542,
9,,,23049,,0.32867488265037537,
9,,,23099,,0.3277736306190491,
9,,,23149,,0.3274211585521698,
9,,,23199,,0.32831645011901855,
9,,,23249,,0.32720962166786194,
9,,,23299,,0.3267090320587158,
9,,,23349,,0.3270191550254822,
9,,,23399,,0.3273053467273712,
9,,,23449,,0.32736051082611084,
9,,,23499,,0.3274287283420563,
9,,,23549,,0.32861045002937317,
9,,,23599,,0.3292005956172943,
9,,,23649,,0.3313314914703369,
9,,,23699,,0.33123457431793213,
9,,,23749,,0.33082956075668335,
9,,,23799,,0.3291540741920471,
9,,,23849,,0.3292093575000763,
9,,,23899,,0.32913917303085327,
9,,,23949,,0.3304940462112427,
9,,,23999,,0.32978641986846924,
9,,,24049,,0.33167126774787903,
9,,,24099,,0.3318426012992859,
9,,,24149,,0.33145883679389954,
9,,,24199,,0.33076557517051697,
9,,,24249,,0.33086615800857544,
9,,,24299,,0.3314052224159241,
9,,,24349,,0.33266481757164,
9,,,24399,,0.3316648602485657,
9,,,24409,,,0.6723847389221191
,0.00011273672514291846,0.00011273672514291846,24410,,,
10,,,24449,,0.33051517605781555,
10,,,24499,,0.3296543061733246,
10,,,24549,,0.32853153347969055,
10,,,24599,,0.326480895280838,
10,,,24649,,0.324098140001297,
10,,,24699,,0.32206904888153076,
10,,,24749,,0.32111766934394836,
10,,,24799,,0.3222793936729431,
10,,,24849,,0.32161182165145874,
10,,,24899,,0.32079023122787476,
10,,,24949,,0.3188716471195221,
10,,,24999,,0.31921297311782837,
10,,,25049,,0.3181431293487549,
10,,,25099,,0.3163914680480957,
10,,,25149,,0.3164670765399933,
10,,,25199,,0.315533846616745,
10,,,25249,,0.3157002925872803,
10,,,25299,,0.3140394389629364,
10,,,25349,,0.3133726119995117,
10,,,25399,,0.31256216764450073,
10,,,25449,,0.31374019384384155,
10,,,25499,,0.31327390670776367,
10,,,25549,,0.31275931000709534,
10,,,25599,,0.31471219658851624,
10,,,25649,,0.3134424388408661,
10,,,25699,,0.3133566379547119,
10,,,25749,,0.31237614154815674,
10,,,25799,,0.31265097856521606,
10,,,25849,,0.3131803572177887,
10,,,25899,,0.31313470005989075,
10,,,25949,,0.3131740987300873,
10,,,25999,,0.3148205578327179,
10,,,26049,,0.3151266276836395,
10,,,26099,,0.3162851333618164,
10,,,26149,,0.3157334327697754,
10,,,26199,,0.3166476786136627,
10,,,26249,,0.31419822573661804,
10,,,26299,,0.31641435623168945,
10,,,26349,,0.3149208724498749,
10,,,26399,,0.3160514831542969,
10,,,26449,,0.31430336833000183,
10,,,26499,,0.3148766756057739,
10,,,26549,,0.3148055970668793,
10,,,26599,,0.31452468037605286,
10,,,26649,,0.3150842785835266,
10,,,26699,,0.3162786364555359,
10,,,26749,,0.3182004690170288,
10,,,26799,,0.31703928112983704,
10,,,26849,,0.3163982331752777,
10,,,26850,,,0.6244209408760071
,0.00011273672514291846,0.00011273672514291846,26851,,,
11,,,26899,,0.3154783844947815,
11,,,26949,,0.3146454393863678,
11,,,26999,,0.3118811547756195,
11,,,27049,,0.31029030680656433,
11,,,27099,,0.30906185507774353,
11,,,27149,,0.30834245681762695,
11,,,27199,,0.306906521320343,
11,,,27249,,0.3075176179409027,
11,,,27299,,0.30445095896720886,
11,,,27349,,0.303486168384552,
11,,,27399,,0.30215346813201904,
11,,,27449,,0.30178171396255493,
11,,,27499,,0.3010236620903015,
11,,,27549,,0.2998499572277069,
11,,,27599,,0.29873377084732056,
11,,,27649,,0.2989681661128998,
11,,,27699,,0.29836729168891907,
11,,,27749,,0.2968158423900604,
11,,,27799,,0.29562801122665405,
11,,,27849,,0.2952417731285095,
11,,,27899,,0.29621681571006775,
11,,,27949,,0.2958190143108368,
11,,,27999,,0.29626381397247314,
11,,,28049,,0.29560378193855286,
11,,,28099,,0.29518717527389526,
11,,,28149,,0.29562970995903015,
11,,,28199,,0.29615435004234314,
11,,,28249,,0.2958667576313019,
11,,,28299,,0.2954469323158264,
11,,,28349,,0.2966170012950897,
11,,,28399,,0.2963680922985077,
11,,,28449,,0.29596850275993347,
11,,,28499,,0.295524001121521,
11,,,28549,,0.2969941198825836,
11,,,28599,,0.29736486077308655,
11,,,28649,,0.296186238527298,
11,,,28699,,0.2957706153392792,
11,,,28749,,0.29590538144111633,
11,,,28799,,0.29665520787239075,
11,,,28849,,0.29702335596084595,
11,,,28899,,0.29560205340385437,
11,,,28949,,0.29603511095046997,
11,,,28999,,0.2960278391838074,
11,,,29049,,0.2977219223976135,
11,,,29099,,0.29832062125205994,
11,,,29149,,0.2980102300643921,
11,,,29199,,0.2968429923057556,
11,,,29249,,0.29732343554496765,
11,,,29291,,,0.5960065126419067
,0.00011273672514291846,0.00011273672514291846,29292,,,
12,,,29299,,0.2980181574821472,
12,,,29349,,0.29704907536506653,
12,,,29399,,0.295912504196167,
12,,,29449,,0.2965346574783325,
12,,,29499,,0.29715460538864136,
12,,,29549,,0.2959428131580353,
12,,,29599,,0.29446589946746826,
12,,,29649,,0.294821172952652,
12,,,29699,,0.2941609025001526,
12,,,29749,,0.2926304042339325,
12,,,29799,,0.29157933592796326,
12,,,29849,,0.2898792624473572,
12,,,29899,,0.2901260256767273,
12,,,29949,,0.28959909081459045,
12,,,29999,,0.28878074884414673,
12,,,30049,,0.28718793392181396,
12,,,30099,,0.2867172658443451,
12,,,30149,,0.286558598279953,
12,,,30199,,0.28548356890678406,
12,,,30249,,0.2837044596672058,
12,,,30299,,0.2831413745880127,
12,,,30349,,0.28334128856658936,
12,,,30399,,0.28469714522361755,
12,,,30449,,0.2842250466346741,
12,,,30499,,0.2837401032447815,
12,,,30549,,0.2838840186595917,
12,,,30599,,0.28487011790275574,
12,,,30649,,0.2854110598564148,
12,,,30699,,0.2864214777946472,
12,,,30749,,0.28794026374816895,
12,,,30799,,0.2883099615573883,
12,,,30849,,0.28842833638191223,
12,,,30899,,0.28797391057014465,
12,,,30949,,0.2873070240020752,
12,,,30999,,0.28649309277534485,
12,,,31049,,0.28783920407295227,
12,,,31099,,0.2870994210243225,
12,,,31149,,0.28652650117874146,
12,,,31199,,0.28704339265823364,
12,,,31249,,0.2890053391456604,
12,,,31299,,0.28947335481643677,
12,,,31349,,0.2893104553222656,
12,,,31399,,0.2888486683368683,
12,,,31449,,0.2892979383468628,
12,,,31499,,0.28914138674736023,
12,,,31549,,0.2887522578239441,
12,,,31599,,0.2884422242641449,
12,,,31649,,0.28682300448417664,
12,,,31699,,0.28596076369285583,
12,,,31732,,,0.5275776982307434
,0.00011273672514291846,0.00011273672514291846,31733,,,
13,,,31749,,0.2854969799518585,
13,,,31799,,0.28523361682891846,
13,,,31849,,0.28497013449668884,
13,,,31899,,0.2845437228679657,
13,,,31949,,0.28494229912757874,
13,,,31999,,0.285135418176651,
13,,,32049,,0.283101886510849,
13,,,32099,,0.28339719772338867,
13,,,32149,,0.28387343883514404,
13,,,32199,,0.2843685746192932,
13,,,32249,,0.2816177010536194,
13,,,32299,,0.2804327607154846,
13,,,32349,,0.2799927294254303,
13,,,32399,,0.27864041924476624,
13,,,32449,,0.2779824733734131,
13,,,32499,,0.27706313133239746,
13,,,32549,,0.2772263288497925,
13,,,32599,,0.27710530161857605,
13,,,32649,,0.2778972387313843,
13,,,32699,,0.2776927649974823,
13,,,32749,,0.27706408500671387,
13,,,32799,,0.277290940284729,
13,,,32849,,0.2769712209701538,
13,,,32899,,0.27774885296821594,
13,,,32949,,0.2778892517089844,
13,,,32999,,0.2772674858570099,
13,,,33049,,0.27801936864852905,
13,,,33099,,0.278497576713562,
13,,,33149,,0.2773135006427765,
13,,,33199,,0.2765929400920868,
13,,,33249,,0.276679664850235,
13,,,33299,,0.27622342109680176,
13,,,33349,,0.27692246437072754,
13,,,33399,,0.27716654539108276,
13,,,33449,,0.2770218849182129,
13,,,33499,,0.27657198905944824,
13,,,33549,,0.27691683173179626,
13,,,33599,,0.27648788690567017,
13,,,33649,,0.27588650584220886,
13,,,33699,,0.2753448784351349,
13,,,33749,,0.27522048354148865,
13,,,33799,,0.27561137080192566,
13,,,33849,,0.2757623493671417,
13,,,33899,,0.2754393517971039,
13,,,33949,,0.27572959661483765,
13,,,33999,,0.2761724591255188,
13,,,34049,,0.27623799443244934,
13,,,34099,,0.27480819821357727,
13,,,34149,,0.2751225233078003,
13,,,34173,,,0.7134292721748352
,0.00011273672514291846,0.00011273672514291846,34174,,,
14,,,34199,,0.2748981714248657,
14,,,34249,,0.2747338116168976,
14,,,34299,,0.2751058042049408,
14,,,34349,,0.27406278252601624,
14,,,34399,,0.2747837007045746,
14,,,34449,,0.27336588501930237,
14,,,34499,,0.27299830317497253,
14,,,34549,,0.27251413464546204,
14,,,34599,,0.27195990085601807,
14,,,34649,,0.27185580134391785,
14,,,34699,,0.2711707353591919,
14,,,34749,,0.27057304978370667,
14,,,34799,,0.2696804106235504,
14,,,34849,,0.2701314687728882,
14,,,34899,,0.26899290084838867,
14,,,34949,,0.2678670287132263,
14,,,34999,,0.2661895453929901,
14,,,35049,,0.2656807601451874,
14,,,35099,,0.26538386940956116,
14,,,35149,,0.26501333713531494,
14,,,35199,,0.26481741666793823,
14,,,35249,,0.2651674449443817,
14,,,35299,,0.26461559534072876,
14,,,35349,,0.26374173164367676,
14,,,35399,,0.26280224323272705,
14,,,35449,,0.26406750082969666,
14,,,35499,,0.26432788372039795,
14,,,35549,,0.26318368315696716,
14,,,35599,,0.2629773020744324,
14,,,35649,,0.26306360960006714,
14,,,35699,,0.2637484073638916,
14,,,35749,,0.26473212242126465,
14,,,35799,,0.2643905282020569,
14,,,35849,,0.2643888592720032,
14,,,35899,,0.2645321190357208,
14,,,35949,,0.264253705739975,
14,,,35999,,0.2645326554775238,
14,,,36049,,0.2641579210758209,
14,,,36099,,0.2650374174118042,
14,,,36149,,0.26482218503952026,
14,,,36199,,0.2643139958381653,
14,,,36249,,0.26520615816116333,
14,,,36299,,0.26512518525123596,
14,,,36349,,0.26580876111984253,
14,,,36399,,0.26616328954696655,
14,,,36449,,0.26638591289520264,
14,,,36499,,0.266303151845932,
14,,,36549,,0.2666596472263336,
14,,,36599,,0.2666723132133484,
14,,,36614,,,0.4703482687473297
,0.00011273672514291846,0.00011273672514291846,36615,,,
15,,,36649,,0.266516774892807,
15,,,36699,,0.26543915271759033,
15,,,36749,,0.26330453157424927,
15,,,36799,,0.2637799084186554,
15,,,36849,,0.26233288645744324,
15,,,36899,,0.26192614436149597,
15,,,36949,,0.26121172308921814,
15,,,36999,,0.26130571961402893,
15,,,37049,,0.26072511076927185,
15,,,37099,,0.25906822085380554,
15,,,37149,,0.2585289776325226,
15,,,37199,,0.2584379017353058,
15,,,37249,,0.2587848901748657,
15,,,37299,,0.2581358253955841,
15,,,37349,,0.2587223947048187,
15,,,37399,,0.25839900970458984,
15,,,37449,,0.2574954628944397,
15,,,37499,,0.25762030482292175,
15,,,37549,,0.2575789988040924,
15,,,37599,,0.2574905455112457,
15,,,37649,,0.2559250295162201,
15,,,37699,,0.25580161809921265,
15,,,37749,,0.2563715875148773,
15,,,37799,,0.25535356998443604,
15,,,37849,,0.25628402829170227,
15,,,37899,,0.25626400113105774,
15,,,37949,,0.2567075490951538,
15,,,37999,,0.25644537806510925,
15,,,38049,,0.25632721185684204,
15,,,38099,,0.25726306438446045,
15,,,38149,,0.25765976309776306,
15,,,38199,,0.25736120343208313,
15,,,38249,,0.2552591562271118,
15,,,38299,,0.2555524408817291,
15,,,38349,,0.25451064109802246,
15,,,38399,,0.2538588345050812,
15,,,38449,,0.2533836364746094,
15,,,38499,,0.25327083468437195,
15,,,38549,,0.25278645753860474,
15,,,38599,,0.25210437178611755,
15,,,38649,,0.25336754322052,
15,,,38699,,0.25309187173843384,
15,,,38749,,0.2542833387851715,
15,,,38799,,0.2543160915374756,
15,,,38849,,0.25357744097709656,
15,,,38899,,0.25332286953926086,
15,,,38949,,0.2542916238307953,
15,,,38999,,0.25457873940467834,
15,,,39049,,0.25441044569015503,
15,,,39055,,,0.5429287552833557
,0.00011273672514291846,0.00011273672514291846,39056,,,
16,,,39099,,0.2539955675601959,
16,,,39149,,0.25289756059646606,
16,,,39199,,0.2525697350502014,
16,,,39249,,0.25274503231048584,
16,,,39299,,0.2517016530036926,
16,,,39349,,0.25119057297706604,
16,,,39399,,0.25073397159576416,
16,,,39449,,0.25063028931617737,
16,,,39499,,0.24936139583587646,
16,,,39549,,0.24847137928009033,
16,,,39599,,0.2483537346124649,
16,,,39649,,0.24770782887935638,
16,,,39699,,0.24788552522659302,
16,,,39749,,0.24578280746936798,
16,,,39799,,0.24556905031204224,
16,,,39849,,0.24502485990524292,
16,,,39899,,0.24548137187957764,
16,,,39949,,0.24481603503227234,
16,,,39999,,0.24533793330192566,
16,,,40049,,0.246342271566391,
16,,,40099,,0.24584653973579407,
16,,,40149,,0.24616584181785583,
16,,,40199,,0.2456863820552826,
16,,,40249,,0.245932936668396,
16,,,40299,,0.2472212314605713,
16,,,40349,,0.24713926017284393,
16,,,40399,,0.24764832854270935,
16,,,40449,,0.24703066051006317,
16,,,40499,,0.24747993052005768,
16,,,40549,,0.24875569343566895,
16,,,40599,,0.24872538447380066,
16,,,40649,,0.2483823448419571,
16,,,40699,,0.24783436954021454,
16,,,40749,,0.24813875555992126,
16,,,40799,,0.24843260645866394,
16,,,40849,,0.24855637550354004,
16,,,40899,,0.24794884026050568,
16,,,40949,,0.246696338057518,
16,,,40999,,0.24643376469612122,
16,,,41049,,0.24545781314373016,
16,,,41099,,0.2465505450963974,
16,,,41149,,0.24717643857002258,
16,,,41199,,0.24844078719615936,
16,,,41249,,0.24925749003887177,
16,,,41299,,0.2488429695367813,
16,,,41349,,0.24835993349552155,
16,,,41399,,0.24859046936035156,
16,,,41449,,0.24866841733455658,
16,,,41496,,,0.40848860144615173
,0.00011273672514291846,0.00011273672514291846,41497,,,
17,,,41499,,0.24879109859466553,
17,,,41549,,0.2478228360414505,
17,,,41599,,0.24753740429878235,
17,,,41649,,0.24719096720218658,
17,,,41699,,0.2474188655614853,
17,,,41749,,0.24738921225070953,
17,,,41799,,0.24656108021736145,
17,,,41849,,0.24580495059490204,
17,,,41899,,0.2467472404241562,
17,,,41949,,0.24693378806114197,
17,,,41999,,0.24658168852329254,
17,,,42049,,0.2465813308954239,
17,,,42099,,0.2452208250761032,
17,,,42149,,0.24450768530368805,
17,,,42199,,0.2439938336610794,
17,,,42249,,0.24220572412014008,
17,,,42299,,0.2418689876794815,
17,,,42349,,0.24185538291931152,
17,,,42399,,0.24038463830947876,
17,,,42449,,0.24007223546504974,
17,,,42499,,0.23933376371860504,
17,,,42549,,0.23994925618171692,
17,,,42599,,0.23998703062534332,
17,,,42649,,0.23988062143325806,
17,,,42699,,0.23963052034378052,
17,,,42749,,0.23946784436702728,
17,,,42799,,0.23903457820415497,
17,,,42849,,0.23970231413841248,
17,,,42899,,0.23807628452777863,
17,,,42949,,0.23732198774814606,
17,,,42999,,0.2366252988576889,
17,,,43049,,0.23651431500911713,
17,,,43099,,0.23695538938045502,
17,,,43149,,0.2368883341550827,
17,,,43199,,0.23626916110515594,
17,,,43249,,0.23669207096099854,
17,,,43299,,0.23689986765384674,
17,,,43349,,0.23715902864933014,
17,,,43399,,0.23837390542030334,
17,,,43449,,0.238827183842659,
17,,,43499,,0.23887884616851807,
17,,,43549,,0.2384432703256607,
17,,,43599,,0.23951421678066254,
17,,,43649,,0.23978906869888306,
17,,,43699,,0.23970922827720642,
17,,,43749,,0.239696204662323,
17,,,43799,,0.24082864820957184,
17,,,43849,,0.2413543462753296,
17,,,43899,,0.24256010353565216,
17,,,43937,,,0.4154830276966095
,0.00011273672514291846,0.00011273672514291846,43938,,,
18,,,43949,,0.24305874109268188,
18,,,43999,,0.24230706691741943,
18,,,44049,,0.24099348485469818,
18,,,44099,,0.24056760966777802,
18,,,44149,,0.24044175446033478,
18,,,44199,,0.2402576059103012,
18,,,44249,,0.23978988826274872,
18,,,44299,,0.23816701769828796,
18,,,44349,,0.23761799931526184,
18,,,44399,,0.23657163977622986,
18,,,44449,,0.236293762922287,
18,,,44499,,0.23587384819984436,
18,,,44549,,0.23532576858997345,
18,,,44599,,0.23408210277557373,
18,,,44649,,0.23297137022018433,
18,,,44699,,0.23247413337230682,
18,,,44749,,0.23237654566764832,
18,,,44799,,0.23164334893226624,
18,,,44849,,0.23027631640434265,
18,,,44899,,0.2298469990491867,
18,,,44949,,0.22976160049438477,
18,,,44999,,0.23050272464752197,
18,,,45049,,0.23134846985340118,
18,,,45099,,0.23178516328334808,
18,,,45149,,0.2318091243505478,
18,,,45199,,0.23201671242713928,
18,,,45249,,0.23112954199314117,
18,,,45299,,0.23210261762142181,
18,,,45349,,0.2320490926504135,
18,,,45399,,0.2318337857723236,
18,,,45449,,0.23113374412059784,
18,,,45499,,0.23257508873939514,
18,,,45549,,0.23301848769187927,
18,,,45599,,0.23303855955600739,
18,,,45649,,0.23410245776176453,
18,,,45699,,0.23460574448108673,
18,,,45749,,0.23434388637542725,
18,,,45799,,0.23499807715415955,
18,,,45849,,0.23670031130313873,
18,,,45899,,0.23563647270202637,
18,,,45949,,0.23607943952083588,
18,,,45999,,0.23533423244953156,
18,,,46049,,0.2357250601053238,
18,,,46099,,0.2350315898656845,
18,,,46149,,0.2346830815076828,
18,,,46199,,0.23444806039333344,
18,,,46249,,0.23585189878940582,
18,,,46299,,0.2359836995601654,
18,,,46349,,0.2359643578529358,
18,,,46378,,,0.5547724366188049
,0.00011273672514291846,0.00011273672514291846,46379,,,
19,,,46399,,0.23613381385803223,
19,,,46449,,0.23621264100074768,
19,,,46499,,0.23439794778823853,
19,,,46549,,0.2332991063594818,
19,,,46599,,0.23242737352848053,
19,,,46649,,0.23111864924430847,
19,,,46699,,0.2306598573923111,
19,,,46749,,0.23069043457508087,
19,,,46799,,0.22926101088523865,
19,,,46849,,0.22781330347061157,
19,,,46899,,0.22773468494415283,
19,,,46949,,0.22592586278915405,
19,,,46999,,0.22609356045722961,
19,,,47049,,0.22491014003753662,
19,,,47099,,0.22480939328670502,
19,,,47149,,0.22463147342205048,
19,,,47199,,0.2244613766670227,
19,,,47249,,0.22417062520980835,
19,,,47299,,0.22393149137496948,
19,,,47349,,0.2239992916584015,
19,,,47399,,0.2247035652399063,
19,,,47449,,0.2244606912136078,
19,,,47499,,0.22408899664878845,
19,,,47549,,0.2238364815711975,
19,,,47599,,0.22383730113506317,
19,,,47649,,0.2246055006980896,
19,,,47699,,0.22539296746253967,
19,,,47749,,0.22484828531742096,
19,,,47799,,0.22601912915706635,
19,,,47849,,0.22562725841999054,
19,,,47899,,0.2254982441663742,
19,,,47949,,0.22728165984153748,
19,,,47999,,0.22788579761981964,
19,,,48049,,0.22788362205028534,
19,,,48099,,0.22836707532405853,
19,,,48149,,0.2285374253988266,
19,,,48199,,0.22898675501346588,
19,,,48249,,0.22817747294902802,
19,,,48299,,0.22782279551029205,
19,,,48349,,0.22800520062446594,
19,,,48399,,0.22744925320148468,
19,,,48449,,0.22704929113388062,
19,,,48499,,0.22771215438842773,
19,,,48549,,0.2280152589082718,
19,,,48599,,0.22842738032341003,
19,,,48649,,0.22827652096748352,
19,,,48699,,0.22791065275669098,
19,,,48749,,0.2283145934343338,
19,,,48799,,0.2274119108915329,
19,,,48819,,,0.5562715530395508
,0.00011273672514291846,0.00011273672514291846,48820,,,
20,,,48849,,0.2271898239850998,
20,,,48899,,0.22649948298931122,
20,,,48949,,0.22480981051921844,
20,,,48999,,0.2242836058139801,
20,,,49049,,0.224087655544281,
20,,,49099,,0.22376589477062225,
20,,,49149,,0.22394311428070068,
20,,,49199,,0.22301019728183746,
20,,,49249,,0.22285676002502441,
20,,,49299,,0.2226632684469223,
20,,,49349,,0.2216394543647766,
20,,,49399,,0.2209140658378601,
20,,,49449,,0.22153115272521973,
20,,,49499,,0.22106307744979858,
20,,,49549,,0.22091183066368103,
20,,,49599,,0.2196578085422516,
20,,,49649,,0.21947748959064484,
20,,,49699,,0.21928328275680542,
20,,,49749,,0.21896740794181824,
20,,,49799,,0.218595951795578,
20,,,49849,,0.21961230039596558,
20,,,49899,,0.220560222864151,
20,,,49949,,0.22104763984680176,
20,,,49999,,0.22065886855125427,
20,,,50049,,0.22002620995044708,
20,,,50099,,0.22002731263637543,
20,,,50149,,0.21918559074401855,
20,,,50199,,0.21901771426200867,
20,,,50249,,0.2191852331161499,
20,,,50299,,0.2190457284450531,
20,,,50349,,0.21944281458854675,
20,,,50399,,0.22002317011356354,
20,,,50449,,0.21918782591819763,
20,,,50499,,0.2200697362422943,
20,,,50549,,0.2200157791376114,
20,,,50599,,0.22118572890758514,
20,,,50649,,0.22026792168617249,
20,,,50699,,0.22030246257781982,
20,,,50749,,0.22012998163700104,
20,,,50799,,0.22028374671936035,
20,,,50849,,0.21975351870059967,
20,,,50899,,0.21906167268753052,
20,,,50949,,0.21929499506950378,
20,,,50999,,0.21941694617271423,
20,,,51049,,0.22085075080394745,
20,,,51099,,0.22042834758758545,
20,,,51149,,0.2217736840248108,
20,,,51199,,0.2218462973833084,
20,,,51249,,0.22184978425502777,
20,,,51260,,,0.48186254501342773
,0.00011273672514291846,0.00011273672514291846,51261,,,
21,,,51299,,0.22209353744983673,
21,,,51349,,0.2212657481431961,
21,,,51399,,0.2197805494070053,
21,,,51449,,0.2200942039489746,
21,,,51499,,0.21937765181064606,
21,,,51549,,0.21873745322227478,
21,,,51599,,0.2178857922554016,
21,,,51649,,0.2193361520767212,
21,,,51699,,0.21822798252105713,
21,,,51749,,0.21790756285190582,
21,,,51799,,0.21749937534332275,
21,,,51849,,0.21679869294166565,
21,,,51899,,0.21733075380325317,
21,,,51949,,0.21672941744327545,
21,,,51999,,0.21650676429271698,
21,,,52049,,0.2154112160205841,
21,,,52099,,0.21502847969532013,
21,,,52149,,0.21344351768493652,
21,,,52199,,0.2129722386598587,
21,,,52249,,0.21291308104991913,
21,,,52299,,0.21217769384384155,
21,,,52349,,0.21257631480693817,
21,,,52399,,0.21322931349277496,
21,,,52449,,0.21388734877109528,
21,,,52499,,0.21354638040065765,
21,,,52549,,0.21430042386054993,
21,,,52599,,0.21474993228912354,
21,,,52649,,0.21370092034339905,
21,,,52699,,0.21490254998207092,
21,,,52749,,0.21533088386058807,
21,,,52799,,0.21570312976837158,
21,,,52849,,0.2158326953649521,
21,,,52899,,0.21598541736602783,
21,,,52949,,0.2164117395877838,
21,,,52999,,0.21639107167720795,
21,,,53049,,0.21631306409835815,
21,,,53099,,0.21654045581817627,
21,,,53149,,0.21659599244594574,
21,,,53199,,0.21677793562412262,
21,,,53249,,0.2164846956729889,
21,,,53299,,0.21679313480854034,
21,,,53349,,0.2177138477563858,
21,,,53399,,0.21714699268341064,
21,,,53449,,0.2164367288351059,
21,,,53499,,0.21648207306861877,
21,,,53549,,0.21609902381896973,
21,,,53599,,0.21617887914180756,
21,,,53649,,0.21544310450553894,
21,,,53699,,0.2156759351491928,
21,,,53701,,,0.6459489464759827
,0.00011273672514291846,0.00011273672514291846,53702,,,
22,,,53749,,0.21519209444522858,
22,,,53799,,0.21460594236850739,
22,,,53849,,0.21435102820396423,
22,,,53899,,0.2134401500225067,
22,,,53949,,0.21232108771800995,
22,,,53999,,0.21219927072525024,
22,,,54049,,0.21136018633842468,
22,,,54099,,0.21084773540496826,
22,,,54149,,0.21093632280826569,
22,,,54199,,0.2114270180463791,
22,,,54249,,0.21114414930343628,
22,,,54299,,0.21108494699001312,
22,,,54349,,0.21006368100643158,
22,,,54399,,0.2105698138475418,
22,,,54449,,0.2105998396873474,
22,,,54499,,0.21039119362831116,
22,,,54549,,0.2101569026708603,
22,,,54599,,0.20958460867404938,
22,,,54649,,0.2100088894367218,
22,,,54699,,0.20792946219444275,
22,,,54749,,0.20848865807056427,
22,,,54799,,0.20986375212669373,
22,,,54849,,0.20983625948429108,
22,,,54899,,0.2102816104888916,
22,,,54949,,0.2112744003534317,
22,,,54999,,0.2112477868795395,
22,,,55049,,0.21191808581352234,
22,,,55099,,0.21231022477149963,
22,,,55149,,0.21318334341049194,
22,,,55199,,0.21249787509441376,
22,,,55249,,0.21293912827968597,
22,,,55299,,0.21306179463863373,
22,,,55349,,0.21309779584407806,
22,,,55399,,0.21249078214168549,
22,,,55449,,0.21156318485736847,
22,,,55499,,0.21173687279224396,
22,,,55549,,0.2119358628988266,
22,,,55599,,0.21170279383659363,
22,,,55649,,0.2111828774213791,
22,,,55699,,0.21201053261756897,
22,,,55749,,0.21173511445522308,
22,,,55799,,0.21061411499977112,
22,,,55849,,0.21040701866149902,
22,,,55899,,0.21119409799575806,
22,,,55949,,0.21108777821063995,
22,,,55999,,0.21079908311367035,
22,,,56049,,0.21185246109962463,
22,,,56099,,0.21136100590229034,
22,,,56142,,,0.4745818078517914
,0.00011273672514291846,0.00011273672514291846,56143,,,
23,,,56149,,0.21074074506759644,
23,,,56199,,0.20993342995643616,
23,,,56249,,0.20873436331748962,
23,,,56299,,0.20869624614715576,
23,,,56349,,0.2085832953453064,
23,,,56399,,0.2086375206708908,
23,,,56449,,0.20914128422737122,
23,,,56499,,0.20903654396533966,
23,,,56549,,0.20920665562152863,
23,,,56599,,0.20874753594398499,
23,,,56649,,0.2088853269815445,
23,,,56699,,0.20862849056720734,
23,,,56749,,0.20804953575134277,
23,,,56799,,0.20765560865402222,
23,,,56849,,0.20818224549293518,
23,,,56899,,0.2070806622505188,
23,,,56949,,0.20650488138198853,
23,,,56999,,0.20661430060863495,
23,,,57049,,0.20540893077850342,
23,,,57099,,0.20538786053657532,
23,,,57149,,0.2049233466386795,
23,,,57199,,0.20550425350666046,
23,,,57249,,0.20683375000953674,
23,,,57299,,0.2063450664281845,
23,,,57349,,0.20616871118545532,
23,,,57399,,0.20654946565628052,
23,,,57449,,0.2067844718694687,
23,,,57499,,0.20630598068237305,
23,,,57549,,0.20568425953388214,
23,,,57599,,0.20639604330062866,
23,,,57649,,0.20659129321575165,
23,,,57699,,0.20729683339595795,
23,,,57749,,0.20719684660434723,
23,,,57799,,0.2086157202720642,
23,,,57849,,0.20816588401794434,
23,,,57899,,0.20802192389965057,
23,,,57949,,0.20756825804710388,
23,,,57999,,0.20757603645324707,
23,,,58049,,0.20853157341480255,
23,,,58099,,0.20882946252822876,
23,,,58149,,0.20856431126594543,
23,,,58199,,0.2091698944568634,
23,,,58249,,0.20908141136169434,
23,,,58299,,0.2092686891555786,
23,,,58349,,0.20951898396015167,
23,,,58399,,0.2094668298959732,
23,,,58449,,0.20892693102359772,
23,,,58499,,0.20883922278881073,
23,,,58549,,0.209202840924263,
23,,,58583,,,0.5646644830703735
,0.00011273672514291846,0.00011273672514291846,58584,,,
24,,,58599,,0.20884257555007935,
24,,,58649,,0.20835061371326447,
24,,,58699,,0.20716862380504608,
24,,,58749,,0.20697666704654694,
24,,,58799,,0.205312579870224,
24,,,58849,,0.20529885590076447,
24,,,58899,,0.20467603206634521,
24,,,58949,,0.20453579723834991,
24,,,58999,,0.20453055202960968,
24,,,59049,,0.20367906987667084,
24,,,59099,,0.20353290438652039,
24,,,59149,,0.20301052927970886,
24,,,59199,,0.20287546515464783,
24,,,59249,,0.2027401179075241,
24,,,59299,,0.2028813511133194,
24,,,59349,,0.20215938985347748,
24,,,59399,,0.20183464884757996,
24,,,59449,,0.2020547240972519,
24,,,59499,,0.20229141414165497,
24,,,59549,,0.2013210505247116,
24,,,59599,,0.20090945065021515,
24,,,59649,,0.20128075778484344,
24,,,59699,,0.2016228884458542,
24,,,59749,,0.2017514854669571,
24,,,59799,,0.20199361443519592,
24,,,59849,,0.20174212753772736,
24,,,59899,,0.2023337334394455,
24,,,59949,,0.20298734307289124,
24,,,59999,,0.20212076604366302,
24,,,60049,,0.20098501443862915,
24,,,60099,,0.2007969468832016,
24,,,60149,,0.2014547884464264,
24,,,60199,,0.2011687159538269,
24,,,60249,,0.20069734752178192,
24,,,60299,,0.2000868171453476,
24,,,60349,,0.20005492866039276,
24,,,60399,,0.1995464563369751,
24,,,60449,,0.19955486059188843,
24,,,60499,,0.1993279755115509,
24,,,60549,,0.2002890706062317,
24,,,60599,,0.20054425299167633,
24,,,60649,,0.20063833892345428,
24,,,60699,,0.20043711364269257,
24,,,60749,,0.2006189376115799,
24,,,60799,,0.20036816596984863,
24,,,60849,,0.200703427195549,
24,,,60899,,0.19987846910953522,
24,,,60949,,0.1995718628168106,
24,,,60999,,0.20034463703632355,
24,,,61024,,,0.48872488737106323
,0.00011273672514291846,0.00011273672514291846,61025,,,
25,,,61049,,0.20096458494663239,
25,,,61099,,0.20018254220485687,
25,,,61149,,0.19904649257659912,
25,,,61199,,0.19832853972911835,
25,,,61249,,0.19760875403881073,
25,,,61299,,0.1969124972820282,
25,,,61349,,0.19710464775562286,
25,,,61399,,0.19711050391197205,
25,,,61449,,0.1960163563489914,
25,,,61499,,0.19545595347881317,
25,,,61549,,0.194831982254982,
25,,,61599,,0.19570718705654144,
25,,,61649,,0.19562973082065582,
25,,,61699,,0.19523881375789642,
25,,,61749,,0.19540034234523773,
25,,,61799,,0.19470633566379547,
25,,,61849,,0.19447414577007294,
25,,,61899,,0.19492857158184052,
25,,,61949,,0.1945997029542923,
25,,,61999,,0.1939813643693924,
25,,,62049,,0.19432996213436127,
25,,,62099,,0.19435207545757294,
25,,,62149,,0.19483798742294312,
25,,,62199,,0.1947704404592514,
25,,,62249,,0.19527576863765717,
25,,,62299,,0.19549311697483063,
25,,,62349,,0.19581416249275208,
25,,,62399,,0.19576361775398254,
25,,,62449,,0.196489617228508,
25,,,62499,,0.19666798412799835,
25,,,62549,,0.1964058130979538,
25,,,62599,,0.19570213556289673,
25,,,62649,,0.1957864612340927,
25,,,62699,,0.19618169963359833,
25,,,62749,,0.19606341421604156,
25,,,62799,,0.19644469022750854,
25,,,62849,,0.19601839780807495,
25,,,62899,,0.19577978551387787,
25,,,62949,,0.1964545100927353,
25,,,62999,,0.19707715511322021,
25,,,63049,,0.19686810672283173,
25,,,63099,,0.19689969718456268,
25,,,63149,,0.19690454006195068,
25,,,63199,,0.198337122797966,
25,,,63249,,0.19842968881130219,
25,,,63299,,0.19932349026203156,
25,,,63349,,0.19876132905483246,
25,,,63399,,0.19884565472602844,
25,,,63449,,0.1987476348876953,
25,,,63465,,,0.5007506012916565
,0.00011273672514291846,0.00011273672514291846,63466,,,
26,,,63499,,0.19924265146255493,
26,,,63549,,0.19949622452259064,
26,,,63599,,0.19863423705101013,
26,,,63649,,0.19861504435539246,
26,,,63699,,0.197998508810997,
26,,,63749,,0.19782724976539612,
26,,,63799,,0.19733573496341705,
26,,,63849,,0.19681647419929504,
26,,,63899,,0.19661228358745575,
26,,,63949,,0.19527728855609894,
26,,,63999,,0.19476035237312317,
26,,,64049,,0.19406995177268982,
26,,,64099,,0.19381177425384521,
26,,,64149,,0.19349874556064606,
26,,,64199,,0.19207416474819183,
26,,,64249,,0.1916445940732956,
26,,,64299,,0.19109109044075012,
26,,,64349,,0.19093334674835205,
26,,,64399,,0.1903231143951416,
26,,,64449,,0.1906491070985794,
26,,,64499,,0.19124282896518707,
26,,,64549,,0.19050705432891846,
26,,,64599,,0.19132766127586365,
26,,,64649,,0.19039316475391388,
26,,,64699,,0.19034570455551147,
26,,,64749,,0.1895143985748291,
26,,,64799,,0.19023199379444122,
26,,,64849,,0.19034869968891144,
26,,,64899,,0.19090719521045685,
26,,,64949,,0.19155418872833252,
26,,,64999,,0.19066943228244781,
26,,,65049,,0.19150854647159576,
26,,,65099,,0.19178637862205505,
26,,,65149,,0.19224190711975098,
26,,,65199,,0.19227614998817444,
26,,,65249,,0.192229762673378,
26,,,65299,,0.19203509390354156,
26,,,65349,,0.19170373678207397,
26,,,65399,,0.19243554770946503,
26,,,65449,,0.19222421944141388,
26,,,65499,,0.19156573712825775,
26,,,65549,,0.19194823503494263,
26,,,65599,,0.1915709227323532,
26,,,65649,,0.19237174093723297,
26,,,65699,,0.19254834949970245,
26,,,65749,,0.19251520931720734,
26,,,65799,,0.1934414505958557,
26,,,65849,,0.19448961317539215,
26,,,65899,,0.19392484426498413,
26,,,65906,,,0.46747907996177673
,0.00011273672514291846,0.00011273672514291846,65907,,,
27,,,65949,,0.1927424967288971,
27,,,65999,,0.19322912395000458,
27,,,66049,,0.19276034832000732,
27,,,66099,,0.19226524233818054,
27,,,66149,,0.19175125658512115,
27,,,66199,,0.19115348160266876,
27,,,66249,,0.19102546572685242,
27,,,66299,,0.1909821480512619,
27,,,66349,,0.19157426059246063,
27,,,66399,,0.191336527466774,
27,,,66449,,0.191767618060112,
27,,,66499,,0.19125708937644958,
27,,,66549,,0.19077067077159882,
27,,,66599,,0.19022805988788605,
27,,,66649,,0.18937185406684875,
27,,,66699,,0.18908242881298065,
27,,,66749,,0.18889617919921875,
27,,,66799,,0.18749524652957916,
27,,,66849,,0.18611465394496918,
27,,,66899,,0.1860356628894806,
27,,,66949,,0.18710209429264069,
27,,,66999,,0.18759872019290924,
27,,,67049,,0.18718378245830536,
27,,,67099,,0.1870294213294983,
27,,,67149,,0.1870802640914917,
27,,,67199,,0.18788562715053558,
27,,,67249,,0.18802814185619354,
27,,,67299,,0.18784768879413605,
27,,,67349,,0.18747402727603912,
27,,,67399,,0.18783456087112427,
27,,,67449,,0.18738582730293274,
27,,,67499,,0.18739819526672363,
27,,,67549,,0.18819855153560638,
27,,,67599,,0.18808722496032715,
27,,,67649,,0.1887679398059845,
27,,,67699,,0.1890019178390503,
27,,,67749,,0.1897880882024765,
27,,,67799,,0.18933440744876862,
27,,,67849,,0.1903294026851654,
27,,,67899,,0.19074669480323792,
27,,,67949,,0.1905374974012375,
27,,,67999,,0.19068658351898193,
27,,,68049,,0.1912013590335846,
27,,,68099,,0.19204199314117432,
27,,,68149,,0.1921492964029312,
27,,,68199,,0.1915724128484726,
27,,,68249,,0.19098550081253052,
27,,,68299,,0.19163070619106293,
27,,,68347,,,0.5763356685638428
,0.00011273672514291846,0.00011273672514291846,68348,,,
28,,,68349,,0.19235019385814667,
28,,,68399,,0.1913287341594696,
28,,,68449,,0.19064608216285706,
28,,,68499,,0.19069167971611023,
28,,,68549,,0.18945346772670746,
28,,,68599,,0.18976770341396332,
28,,,68649,,0.18863390386104584,
28,,,68699,,0.188460573554039,
28,,,68749,,0.18755069375038147,
28,,,68799,,0.18784837424755096,
28,,,68849,,0.18747477233409882,
28,,,68899,,0.18704450130462646,
28,,,68949,,0.18666145205497742,
28,,,68999,,0.18574532866477966,
28,,,69049,,0.18480148911476135,
28,,,69099,,0.18450534343719482,
28,,,69149,,0.18442294001579285,
28,,,69199,,0.18494455516338348,
28,,,69249,,0.18521347641944885,
28,,,69299,,0.18479327857494354,
28,,,69349,,0.18371538817882538,
28,,,69399,,0.18394525349140167,
28,,,69449,,0.18380044400691986,
28,,,69499,,0.18319271504878998,
28,,,69549,,0.18371503055095673,
28,,,69599,,0.18356923758983612,
28,,,69649,,0.18380676209926605,
28,,,69699,,0.18405623733997345,
28,,,69749,,0.18456895649433136,
28,,,69799,,0.18385933339595795,
28,,,69849,,0.18387843668460846,
28,,,69899,,0.18332789838314056,
28,,,69949,,0.1835363805294037,
28,,,69999,,0.18332579731941223,
28,,,70049,,0.1830703169107437,
28,,,70099,,0.1837376207113266,
28,,,70149,,0.184009850025177,
28,,,70199,,0.1835872232913971,
28,,,70249,,0.18328258395195007,
28,,,70299,,0.18282023072242737,
28,,,70349,,0.18334130942821503,
28,,,70399,,0.18361040949821472,
28,,,70449,,0.18367968499660492,
28,,,70499,,0.18414050340652466,
28,,,70549,,0.18452468514442444,
28,,,70599,,0.18488122522830963,
28,,,70649,,0.1854102462530136,
28,,,70699,,0.18508280813694,
28,,,70749,,0.18533480167388916,
28,,,70788,,,0.5748738050460815
,0.00011273672514291846,0.00011273672514291846,70789,,,
29,,,70799,,0.18602727353572845,
29,,,70849,,0.18569284677505493,
29,,,70899,,0.18585850298404694,
29,,,70949,,0.18532273173332214,
29,,,70999,,0.185841366648674,
29,,,71049,,0.18646226823329926,
29,,,71099,,0.18493202328681946,
29,,,71149,,0.18473811447620392,
29,,,71199,,0.18403631448745728,
29,,,71249,,0.18378818035125732,
29,,,71299,,0.1837354451417923,
29,,,71349,,0.18277417123317719,
29,,,71399,,0.18203485012054443,
29,,,71449,,0.18217799067497253,
29,,,71499,,0.18235057592391968,
29,,,71549,,0.18179012835025787,
29,,,71599,,0.18129533529281616,
29,,,71649,,0.18051661550998688,
29,,,71699,,0.17999742925167084,
29,,,71749,,0.17900219559669495,
29,,,71799,,0.17916326224803925,
29,,,71849,,0.17897368967533112,
29,,,71899,,0.17909136414527893,
29,,,71949,,0.1790934056043625,
29,,,71999,,0.17887893319129944,
29,,,72049,,0.1793983280658722,
29,,,72099,,0.1796901971101761,
29,,,72149,,0.1789133995771408,
29,,,72199,,0.17939728498458862,
29,,,72249,,0.18043704330921173,
29,,,72299,,0.18032145500183105,
29,,,72349,,0.18187958002090454,
29,,,72399,,0.18139606714248657,
29,,,72449,,0.18107712268829346,
29,,,72499,,0.18060185015201569,
29,,,72549,,0.18044543266296387,
29,,,72599,,0.18174736201763153,
29,,,72649,,0.18193605542182922,
29,,,72699,,0.18218930065631866,
29,,,72749,,0.18287092447280884,
29,,,72799,,0.18219450116157532,
29,,,72849,,0.18245191872119904,
29,,,72899,,0.18225215375423431,
29,,,72949,,0.18273982405662537,
29,,,72999,,0.18220840394496918,
29,,,73049,,0.18191641569137573,
29,,,73099,,0.18225009739398956,
29,,,73149,,0.18274089694023132,
29,,,73199,,0.18241804838180542,
29,,,73229,,,0.5197638869285583
30,,,73230,0.4844709038734436,,
